{
	"format_version": "1.8.0",
	"animations": {
		"animation.armoredbrine.attack": {
			"animation_length": 0.58333,
			"bones": {
				"body": {
					"rotation": {
						"0.0": [35, 0, 0],
						"0.25": [35.17707, 8.04577, 5.44789],
						"0.5833": [35.40758, 10.08642, 6.91046]
					},
					"position": [0, -3, -8]
				},
				"leftarm": {
					"rotation": {
						"0.0": [0, 0, -20],
						"0.1667": [10, 0, -40],
						"0.25": [-87.97985, 46.04179, -17.82401],
						"0.5": [-88.01893, 27.39804, -25.61004]
					}
				},
				"rightarm": {
					"rotation": {
						"0.0": [0, 0, 20],
						"0.1667": [-116.27408, -39.40865, 37.40119],
						"0.2917": [-151.72859, 63.24629, -81.3263],
						"0.5": [-171.54685, 65.94305, -97.70598]
					}
				},
				"leftleg": {
					"rotation": {
						"0.0": [20, 0, 0],
						"0.25": [17.03196, 0.70029, -3.98103],
						"0.5417": [17.02926, -0.76498, 0.79958]
					},
					"position": [0, -1, -1]
				},
				"rightleg": {
					"rotation": {
						"0.0": [-30, 0, 0],
						"0.25": [-29.9055, 2.49762, 4.33287],
						"0.5417": [-30.04556, 8.07642, 3.99805]
					},
					"position": [0, -1, -1]
				},
				"bone9": {
					"rotation": [30, 0, 0],
					"position": [0, 1, -0.3]
				},
				"hysw": {
					"position": [-1, -8, 0],
					"scale": 0.9
				},
				"bone10": {
					"rotation": [10, 0, 0],
					"position": [0, 0.37, -0.02]
				},
				"wqh": {
					"position": [0, 3, 0],
					"scale": 1.4
				},
				"hysw2": {
					"scale": 1
				}
			}
		},
		"animation.armoredbrine.attack2": {
			"animation_length": 1,
			"bones": {
				"body": {
					"rotation": {
						"0.0": [20, 0, 0],
						"0.25": [23.34288, 30.32448, 12.2921],
						"0.5": [23.34, 30.32, 12.29],
						"0.7083": [20.4447, -11.74008, -4.33652],
						"0.9583": [20.28237, -9.39627, -3.45163]
					},
					"position": [0, -1, -4]
				},
				"leftarm": {
					"rotation": {
						"0.0": [0, 0, -5],
						"0.1667": [0, 0, -90],
						"0.25": [6.04471, -1.69523, -94.19625],
						"0.4583": [-122.5, 0, -90],
						"0.625": [-9.10661, 20.70481, -112.20765],
						"0.9167": [0.89339, 20.70481, -112.20765]
					},
					"position": [0, 0, 0]
				},
				"rightarm": {
					"rotation": {
						"0.0": [0, 0, 5],
						"0.1667": [0, 0, 15],
						"0.25": [-12.44543, -12.12969, 18.58002],
						"0.4583": [-4.15, -4.04, 16.19],
						"0.5833": [-3.64593, 9.55618, 107.16191],
						"0.7083": [-125.95304, -0.16686, 109.50983],
						"0.9583": [-130.95304, -0.16686, 109.50983]
					}
				},
				"leftleg": {
					"rotation": {
						"0.0": [-7.5, -10, 0],
						"0.25": [-6.59701, -10.61395, -5.04363],
						"0.5": [-6.6, -10.61, -5.04],
						"0.75": [-0.77397, -9.45726, -4.59759]
					}
				},
				"bone10": {
					"rotation": [7.5, 0, 0],
					"position": [0, 0.3, -0.02]
				},
				"rightleg": {
					"rotation": {
						"0.0": [27.84055, 34.56159, 16.42922],
						"0.25": [15.30282, 33.18502, 16.41433],
						"0.5": [15.3, 33.19, 16.41],
						"0.75": [10.35429, 34.8589, 7.58417]
					},
					"position": {
						"0.0": [0, 0, 0],
						"0.25": [0, 0, 1],
						"0.5": [0, 0, 1],
						"0.75": [0, 0, -1]
					}
				},
				"bone9": {
					"rotation": [0.17269, -0.20998, -2.48549],
					"position": [0, 0.2, 0]
				},
				"hyszz2": {
					"position": [0, 0, 0]
				},
				"hyszz3": {
					"position": {
						"0.1667": [0, 0, 0],
						"0.3333": [3, -10, -2]
					}
				},
				"hyszz4": {
					"position": {
						"0.1667": [0, 0, 0],
						"0.3333": [-3, -11, -3]
					}
				},
				"hyszz10": {
					"rotation": [0, 0, 0],
					"position": {
						"0.1667": [0, 0, 0],
						"0.3333": [0, -11, 3]
					}
				},
				"bone18": {
					"position": {
						"0.0": [0, 0, 0],
						"0.0833": [-2, -3, 2]
					}
				},
				"hysw": {
					"position": {
						"0.25": [0, 0, 0],
						"0.4167": [0, -10, 0]
					}
				},
				"hysw2": {
					"position": {
						"0.25": [0, 0, 0],
						"0.4167": [0, -20, 0]
					}
				}
			}
		},
		"animation.armoredbrine.hysys2": {
			"animation_length": 1,
			"bones": {
				"body": {
					"rotation": {
						"0.0": [20, 0, 0],
						"0.25": [8.19083, -12.96579, 1.01496]
					},
					"position": [0, -1, -4]
				},
				"leftarm": {
					"rotation": {
						"0.0": [-49.61527, 45.62101, 7.5855],
						"0.125": [0, 0, -50]
					}
				},
				"hyszz": {
					"position": [0, 0, 0]
				},
				"hyszz2": {
					"position": [0, 0, 0]
				},
				"rightarm": {
					"rotation": {
						"0.0": [0, 0, 17.5],
						"0.0833": [0, 0, 17.5],
						"0.2917": [-80.60411, 8.34018, 44.98395],
						"0.5": [-90.57526, 12.1739, 44.9769]
					}
				},
				"leftleg": {
					"rotation": {
						"0.0": [0, 0, 0],
						"0.25": [2.50733, -1.63427, -10.2724]
					},
					"position": {
						"0.0": [0, 0, 0],
						"0.25": [-1, -1, -2]
					}
				},
				"bone10": {
					"rotation": {
						"0.0": [0, 0, 0],
						"0.25": [20, 0, 0]
					},
					"position": {
						"0.0": [0, 0, 0],
						"0.25": [0, 0.7, -0.15]
					}
				},
				"rightleg": {
					"rotation": {
						"0.0": [0, 0, 0],
						"0.25": [1.70804, -7.77066, 11.44995]
					},
					"position": [0, 0, -3]
				},
				"hyszz4": {
					"position": [0, 0, 0]
				},
				"hyszz5": {
					"rotation": [0, 0, 0],
					"position": [0, 0, 0]
				},
				"hyszz6": {
					"position": [0, 0, 0]
				},
				"hyszz8": {
					"position": [0, 0, 0]
				},
				"hyszz10": {
					"position": [0, 0, 0]
				},
				"hyszz11": {
					"position": [0, 0, 0]
				},
				"hysw": {
					"position": {
						"0.3333": [0, 0, 0],
						"0.5": [0, -15, 0]
					},
					"scale": {
						"0.0": [1, 1, 1],
						"0.0833": [1.5, 1.5, 1.5]
					}
				},
				"hysw2": {
					"position": {
						"0.3333": [0, 0, 0],
						"0.5": [0, -30, 0]
					},
					"scale": {
						"0.0": [1, 1, 1],
						"0.0833": [1.5, 1.5, 1.5]
					}
				},
				"hysw3": {
					"position": {
						"0.3333": [0, 0, 0],
						"0.5": [0, -45, 0]
					},
					"scale": {
						"0.0": [1, 1, 1],
						"0.0833": [1.5, 1.5, 1.5]
					}
				},
				"hysw4": {
					"position": {
						"0.3333": [0, 0, 0],
						"0.5": [0, -60, 0]
					},
					"scale": {
						"0.0": [1, 1, 1],
						"0.0833": [1.5, 1.5, 1.5]
					}
				},
				"hysw5": {
					"rotation": [0, 0, 0],
					"position": {
						"0.3333": [0, 0, 0],
						"0.5": [0, 0, 0]
					},
					"scale": {
						"0.0": [1, 1, 1],
						"0.0833": [1.5, 1.5, 1.5]
					}
				},
				"hysw6": {
					"position": {
						"0.3333": [0, 0, 0],
						"0.5": [0, -75, 0]
					},
					"scale": {
						"0.0": [1, 1, 1],
						"0.1667": [1.5, 1.5, 1.5]
					}
				},
				"hysw7": {
					"position": {
						"0.3333": [0, 0, 0],
						"0.5": [0, -90, 0]
					},
					"scale": {
						"0.0": [1, 1, 1],
						"0.1667": [1.5, 1.5, 1.5]
					}
				},
				"hysw8": {
					"position": {
						"0.3333": [0, 0, 0],
						"0.5": [0, -105, 0]
					},
					"scale": {
						"0.0": [1, 1, 1],
						"0.0833": [1.5, 1.5, 1.5]
					}
				},
				"hysw9": {
					"scale": {
						"0.0": [1, 1, 1],
						"0.0833": [1.5, 1.5, 1.5]
					}
				},
				"hysw10": {
					"scale": {
						"0.0": [1, 1, 1],
						"0.0833": [1.5, 1.5, 1.5]
					}
				},
				"hysw11": {
					"scale": {
						"0.0": [1, 1, 1],
						"0.0833": [1.5, 1.5, 1.5]
					}
				},
				"hysw12": {
					"scale": {
						"0.0": [1, 1, 1],
						"0.0833": [1.5, 1.5, 1.5]
					}
				},
				"hysw13": {
					"scale": {
						"0.0": [1, 1, 1],
						"0.0833": [1.5, 1.5, 1.5]
					}
				},
				"hysw14": {
					"scale": {
						"0.0": [1, 1, 1],
						"0.0833": [1.5, 1.5, 1.5]
					}
				},
				"hysw15": {
					"scale": {
						"0.0": [1, 1, 1],
						"0.0833": [1.5, 1.5, 1.5]
					}
				}
			}
		},
		"animation.zjhb.hysys": {
			"animation_length": 1,
			"bones": {
				"body": {
					"rotation": {
						"0.0": [20, 0, 0],
						"0.25": [8.27077, 26.33744, 9.01014]
					},
					"position": [0, -1, -4]
				},
				"head": {
					"rotation": {
						"0.0": [-15, 0, 0],
						"0.25": [2.17125, -29.43667, -6.0896]
					}
				},