{
	"format_version": "1.8.0",
	"animations": {
		"animation.armoredbrine.move": {
			"loop": true,
			"animation_length": 0.79167,
			"bones": {
				"body": {
					"rotation": [35, 0, 0],
					"position": {
						"0.0": [0, -3.5, -6],
						"0.2083": [0, -3.5, -6],
						"0.2917": [0, -3.8, -6],
						"0.4583": [0, -3.5, -6],
						"0.5417": [0, -3.8, -6],
						"0.7083": [0, -3.8, -6],
						"0.7917": [0, -3.5, -6]
					}
				},
				"rightArm": {
					"rotation": [45, 0, 10]
				},
				"leftArm": {
					"rotation": [45, 0, -10]
				},
				"leftLeg": {
					"rotation": {
						"0.0": [45, 0, 0],
						"0.2083": [-80, 0, 0],
						"0.2917": [-80, 0, 0],
						"0.5": [45, 0, 0],
						"0.7083": [-80, 0, 0],
						"0.7917": [45, 0, 0]
					},
					"position": {
						"0.0": [0, 0, 0],
						"0.2083": [0, 0, 0],
						"0.2917": [0, 0, 0],
						"0.5": [0, 0, 0],
						"0.7083": [0, 0, 0]
					}
				},
				"rightLeg": {
					"rotation": {
						"0.0": [-80, 0, 0],
						"0.0833": [-80, 0, 0],
						"0.25": [45, 0, 0],
						"0.4583": [-80, 0, 0],
						"0.5417": [-80, 0, 0],
						"0.7083": [45, 0, 0],
						"0.7917": [-80, 0, 0]
					},
					"position": {
						"0.0": [0, 0, 0],
						"0.0833": [0, 0, 0],
						"0.25": [0, 0, 0],
						"0.4583": [0, 0, 0],
						"0.5417": [0, 0, 0],
						"0.7083": [0, 0, 0],
						"0.7917": [0, 0, 0]
					}
				},
				"bone4": {
					"rotation": {
						"0.0": [0, 0, 0],
						"0.125": [12.51266, 0.14447, -0.20873],
						"0.25": [0, 0, 0],
						"0.375": [15, 0, 0],
						"0.5": [0, 0, 0]
					},
					"position": {
						"0.0": [0, 0, 0],
						"0.125": [0, 0.45, -0.05],
						"0.25": [0, 0, 0],
						"0.375": [0, 0.5, -0.05],
						"0.5": [0, 0, 0]
					}
				},
				"bone6": {
					"rotation": {
						"0.0": [0, 0, 0],
						"0.125": [15, 0, 0],
						"0.2917": [0, 0, 0]
					},
					"position": {
						"0.0": [0, 0, 0],
						"0.125": [0, 0.51, -0.07],
						"0.2917": [0, 0, 0]
					}
				}
			}
		},
		"animation.ay.attack": {
			"animation_length": 1,
			"bones": {
				"body": {
					"rotation": {
						"0.0": [20, 0, 0],
						"0.2083": [20, 0, 0],
						"0.3333": [22.51754, -2.34914, -0.85553],
						"0.5": [22.52, -2.35, -0.86],
						"0.5833": [20.07601, 4.57814, 2.01472],
						"0.6667": [20, 0, 0]
					},
					"position": [0, -1, -4]
				},
				"leftarm": {
					"rotation": {
						"0.0": [0, 0, -5],
						"0.1667": [0, 0, -90],
						"0.4583": [0, 0, -90],
						"0.7083": [-135.10923, -3.53329, -86.45997],
						"0.875": [35.89339, 20.70481, -112.20765]
					},
					"position": [0, 0, 0]
				},
				"rightarm": {
					"rotation": {
						"0.0": [0, 0, 5],
						"0.1667": [0, 0, 15],
						"0.2917": [-110, -20, 15],
						"0.4583": [-107.5299, -39.39465, -22.70206],
						"0.625": [0, 0, 15]
					}
				},
				"leftleg": {
					"rotation": {
						"0.0": [-7.5, -10, 0],
						"0.1667": [-20, -10, 0],
						"0.5": [-19.56719, -10.8463, -2.3919]
					}
				},
				"bone10": {
					"rotation": [7.5, 0, 0]
				},
				"rightleg": {
					"rotation": {
						"0.0": [-20, 15, -2.5],
						"0.1667": [-20.6261, 13.51986, -4.5755],
						"0.5": [-19.4212, 15.23295, 0.27403]
					}
				},
				"bone9": {
					"rotation": {
						"0.0": [0.17269, -0.20998, -2.48549],
						"0.1667": [0, 0, 0]
					}
				},
				"hyszz2": {
					"position": [0, 0, 0]
				},
				"hyszz3": {
					"position": {
						"0.1667": [0, 0, 0],
						"0.3333": [3, -10, -2]
					}
				},
				"hyszz4": {
					"position": {
						"0.1667": [0, 0, 0],
						"0.3333": [-3, -11, -3]
					}
				},
				"hyszz10": {
					"rotation": [0, 0, 0],
					"position": {
						"0.1667": [0, 0, 0],
						"0.3333": [0, -11, 3]
					}
				},
				"bone18": {
					"position": {
						"0.0": [0, 0, 0],
						"0.0833": [-2, -3, 2]
					}
				},
				"hysw": {
					"position": {
						"0.25": [0, 0, 0],
						"0.4167": [0, -10, 0]
					}
				},
				"hysw2": {
					"position": {
						"0.25": [0, 0, 0],
						"0.4167": [0, -20, 0]
					}
				}
			}
		},
		"animation.ayhb.hysys": {
			"animation_length": 1,
			"bones": {
				"body": {
					"rotation": {
						"0.0": [20, 0, 0],
						"0.25": [8.27077, 26.33744, 9.01014]
					},
					"position": [0, -1, -4]
				},
				"head": {
					"rotation": {
						"0.0": [-15, 0, 0],
						"0.25": [2.17125, -29.43667, -6.0896]
					}
				},
				"leftarm": {
					"rotation": {
						"0.0": [0, 0, -10],
						"0.125": [0, 0, -50],
						"0.25": [-71.60037, -21.82221, -55.41356]
					}
				},
				"hyszz": {
					"position": {
						"0.25": [0, 0, 0],
						"0.4167": [0, -19, 5]
					},
					"scale": {
						"0.0": [1, 1, 1],
						"0.25": [1.5, 1.5, 1.5],
						"0.4167": [1.6, 1.6, 1.6]
					}
				},
				"hyszz2": {
					"position": {
						"0.25": [0, 0, 0],
						"0.4167": [-5, -19, -5]
					},
					"scale": {
						"0.0": [1, 1, 1],
						"0.25": [1.6, 1.6, 1.6]
					}
				},
				"hyszz3": {
					"position": {
						"0.25": [0, 0, 0],
						"0.4167": [5, -17, -3]
					},
					"scale": {
						"0.0": [1, 1, 1],
						"0.25": [1.5, 1.5, 1.5]
					}
				},
				"rightarm": {
					"rotation": {
						"0.0": [0, 0, 17.5],
						"0.125": [-55, 0, 17.5],
						"0.2083": [-73.77886, -34.69598, -27.02548]
					}
				},
				"leftleg": {
					"rotation": {
						"0.0": [-20, 0, 0],
						"0.25": [-18.88172, -6.71771, -18.88172]
					}
				},
				"bone10": {
					"rotation": {
						"0.0": [0, 0, 0],
						"0.25": [22.19157, -3.81024, 9.25249]
					},
					"position": {
						"0.0": [0, 0, 0],
						"0.25": [0, 1, 0]
					}
				},
				"rightleg": {
					"rotation": {
						"0.0": [-20, 0, 0],
						"0.25": [3.03804, -7.35552, 1.37064]
					}
				},
				"hyszz4": {
					"position": {
						"0.25": [0, 0, 0],
						"0.4167": [-10, -36, -10]
					},
					"scale": {
						"0.0": [1, 1, 1],
						"0.25": [1.6, 1.6, 1.6]
					}
				},
				"hyszz5": {
					"rotation": [0, 0, 0],
					"position": {
						"0.25": [0, 0, 0],
						"0.4167": [10, -34, -6]
					},
					"scale": {
						"0.0": [1, 1, 1],
						"0.25": [1.5, 1.5, 1.5]
					}
				},
				"hyszz6": {
					"position": {
						"0.25": [0, 0, 0],
						"0.4167": [15, -51, -9]
					},
					"scale": {
						"0.0": [1, 1, 1],
						"0.25": [1.5, 1.5, 1.5]
					}
				},
				"hyszz8": {
					"position": {
						"0.25": [0, 0, 0],
						"0.4167": [-15, -54, -15]
					},
					"scale": {
						"0.0": [1, 1, 1],
						"0.25": [1.6, 1.6, 1.6]
					}
				},
				"hyszz10": {
					"position": {
						"0.25": [0, 0, 0],
						"0.4167": [0, -38, 10]
					},
					"scale": {
						"0.0": [1, 1, 1],
						"0.25": [1.5, 1.5, 1.5],
						"0.4167": [1.6, 1.6, 1.6]
					}
				},
				"hyszz11": {
					"position": {
						"0.25": [0, 0, 0],
						"0.4167": [0, -57, 15]
					},
					"scale": {
						"0.0": [1, 1, 1],
						"0.25": [1.5, 1.5, 1.5],
						"0.4167": [1.6, 1.6, 1.6]
					}
				},
				"hyszz9": {
					"scale": {
						"0.0": [1, 1, 1],
						"0.25": [1.6, 1.6, 1.6]
					}
				},
				"hyszz7": {
					"scale": {
						"0.0": [1, 1, 1],
						"0.25": [1.5, 1.5, 1.5]
					}
				},
				"hyszz12": {
					"scale": {
						"0.0": [1, 1, 1],
						"0.25": [1.5, 1.5, 1.5],
						"0.4167": [1.6, 1.6, 1.6]
					}
				},
				"hysw": {
					"position": {
						"0.25": [0, 0, 0],
						"0.3333": [0, -11, 0]
					}
				},
				"hysw2": {
					"position": {
						"0.25": [0, 0, 0],
						"0.3333": [0, -22, 0]
					}
				},
				"hysw3": {
					"position": {
						"0.25": [0, 0, 0],
						"0.3333": [0, -33, 0]
					}
				},
				"hysw4": {
					"position": {
						"0.25": [0, 0, 0],
						"0.3333": [0, -44, 0]
					}
				}
			}
		},
		"animation.ayherobrine.ayhysys": {
			"animation_length": 3,
			"bones": {
				"body": {
					"rotation": {
						"0.0": [0, 0, 0],
						"0.25": [21.88023, 23.39896, 9.06159],
						"0.3333": [21.88, 23.4, 9.06],
						"0.4583": [21.17231, -18.7463, -7.0973]
					},
					"position": {
						"0.0": [0, 0, 0],
						"0.25": [0, -2, 0]
					}
				},
				"leftarm": {
					"rotation": {
						"0.0": [0, 0, 0],