{
	"format_version": "1.8.0",
	"animations": {
		"animation.zjkl.ccdh": {
			"animation_length": 1.5,
			"bones": {
				"waist": {
					"position": [0, -3, 0],
					"scale": {
						"0.0": [0, 0, 0],
						"0.25": [1, 1, 1]
					}
				},
				"leg0": {
					"rotation": [-30, 0, 0]
				},
				"bone": {
					"rotation": [45, 0, 0],
					"position": [0, 2.1, -0.85]
				},
				"leg1": {
					"rotation": [-30, 0, 0]
				},
				"bone2": {
					"rotation": [45, 0, 0],
					"position": [0, 2.1, -0.85]
				},
				"body": {
					"rotation": {
						"0.25": [47.5, 0, 0],
						"0.5": [2.5, 0, 0],
						"0.5833": [-2.5, 0, 0],
						"0.6667": [-1.07041, -0.04673, -2.49956],
						"0.75": [0.35619, -0.04362, 1.00021],
						"0.8333": [-3.2146, -0.01454, 0.3334],
						"0.875": [2.5, 0, 0]
					}
				},
				"head": {
					"rotation": [0, 0, 0],
					"position": {
						"0.375": [0, 0, 0],
						"0.625": [0, 4, 0],
						"0.9583": [0, 4, 0],
						"1.25": [0, 0, 0]
					}
				},
				"arm0": {
					"rotation": {
						"0.0": [-90, -30, 45],
						"0.5": [-180, 82, -53],
						"0.5833": [-187.68686, 82.42895, -53.34946],
						"0.6667": [-224.28612, 76.78324, -90.89637],
						"0.75": [-233.13866, 76.17465, -103.87218],
						"0.8333": [-154.03818, 79.7716, -25.78655],
						"0.875": [-180.19, 82.43, -53.35],
						"1.1667": [0, 0, 10]
					}
				},
				"arm2": {
					"rotation": [-10, 0, 0]
				},
				"arm4": {
					"rotation": [-10, 0, 0]
				},
				"arm7": {
					"rotation": {
						"0.0": [-89.76744, 16.43559, 49.03984],
						"0.5": [0, -90, -125],
						"0.5833": [0, -90, -132.5],
						"0.6667": [0, -90, -122.85714],
						"0.75": [-90, -80, -33.71429],
						"0.8333": [63.60953, -83.49512, -188.37004],
						"0.875": [0, -90, -125],
						"1.1667": [0, 0, -10]
					}
				},
				"arm9": {
					"rotation": [-10, 0, 0]
				},
				"arm11": {
					"rotation": [-10, 0, 0]
				}
			}
		},
		"animation.zjkl.move": {
			"loop": true,
			"animation_length": 0.75,
			"bones": {
				"leg0": {
					"rotation": {
						"0.0": [-45, 0, 0],
						"0.375": [45, 0, 0],
						"0.7083": [-45, 0, 0]
					},
					"position": {
						"0.0": [0, -4, 0],
						"0.375": [0, -2, 0],
						"0.7083": [0, -4, 0]
					}
				},
				"bone": {
					"rotation": {
						"0.0": [45, 0, 0],
						"0.375": [0, 0, 0],
						"0.7083": [45, 0, 0]
					},
					"position": {
						"0.0": [0, 2.1, -0.89],
						"0.375": [0, 0, 0],
						"0.7083": [0, 2.1, -0.89]
					}
				},
				"body": {
					"rotation": {
						"0.0": [20, 0, 0],
						"0.375": [22, 0, 0],
						"0.7083": [20, 0, 0]
					},
					"position": {
						"0.0": [0, -3, 0],
						"0.375": [0, -4.5, 0],
						"0.7083": [0, -3, 0]
					}
				},
				"head": {
					"rotation": [-15, 0, 0],
					"position": {
						"0.0": [0, 0, 0],
						"0.375": [0, 0.1, 0],
						"0.75": [0, 0, 0]
					}
				},
				"arm0": {
					"rotation": {
						"0.0": [55, 4, 25],
						"0.375": [-60, -15, 30],
						"0.7083": [55, 4, 25]
					},
					"position": [-1, 0, 0]
				},
				"arm7": {
					"rotation": {
						"0.0": [-55, 4, -25],
						"0.375": [60, 15, -30],
						"0.7083": [-55, 4, -25]
					},
					"position": [1, 0, 0]
				},
				"fk": {
					"scale": 0
				},
				"leg1": {
					"rotation": {
						"0.0": [45, 0, 0],
						"0.375": [-45, 0, 0],
						"0.7083": [45, 0, 0]
					},
					"position": {
						"0.0": [0, -2, 0],
						"0.375": [0, -4, 1],
						"0.7083": [0, -2, 0]
					}
				},
				"bone2": {
					"rotation": {
						"0.0": [0, 0, 0],
						"0.375": [45, 0, 0],
						"0.7083": [0, 0, 0]
					},
					"position": {
						"0.0": [0, 0, 0],
						"0.375": [0, 2.1, -0.89],
						"0.7083": [0, 0, 0]
					}
				},
				"arm2": {
					"rotation": {
						"0.0": [-5, 0, 0],
						"0.4167": [-10, 0, 0],
						"0.75": [-5, 0, 0]
					}
				},
				"arm4": {
					"rotation": {
						"0.0": [-5, 0, 0],
						"0.375": [-10, 0, 0],
						"0.75": [-5, 0, 0]
					}
				},
				"arm6": {
					"rotation": {
						"0.0": [-5, 0, 0],
						"0.3333": [-10, 0, 0],
						"0.75": [-5, 0, 0]
					}
				},
				"arm9": {
					"rotation": {
						"0.0": [-10, 0, 0],
						"0.3333": [-5, 0, 0],
						"0.7083": [-10, 0, 0]
					}
				},
				"arm11": {
					"rotation": {
						"0.0": [-10, 0, 0],
						"0.375": [-5, 0, 0],
						"0.7083": [-9.70597, -1.6249, -0.40188]
					}
				},
				"arm13": {
					"rotation": {
						"0.0": [-10, 0, 0],
						"0.375": [-5, 0, 0],
						"0.7083": [-10, 0, 0]
					}
				},
				"bone3": {
					"rotation": {
						"0.0": [-15, 0, 0],
						"0.375": [-14.5, 0, 0]
					}
				},
				"bone4": {
					"rotation": [-17.5, 0, 0]
				}
			}
		},
		"animation.zjkl.attack": {
			"animation_length": 1,
			"bones": {
				"leg0": {
					"rotation": {
						"0.0": [0, 0, 0],
						"0.3333": [-22.58, 4.62, -1.92]
					}
				},
				"bone": {
					"rotation": {
						"0.0": [0, 0, 0],
						"0.3333": [27.5, 0, 0]
					}
				},
				"leg1": {
					"rotation": {
						"0.0": [0, 0, 0],
						"0.3333": [17.5, 0, 0]
					}
				},
				"bone2": {
					"rotation": {
						"0.0": [0, 0, 0],
						"0.3333": [15, 0, 0]
					}
				},
				"body": {
					"rotation": {
						"0.0": [20, 0, 0],
						"0.2917": [0, 17.5, 0],
						"0.5417": [10.9476, -38.46133, -6.26836]
					}
				},
				"head": {
					"rotation": {
						"0.0": [0, 0, 0],
						"0.5417": [0, 0, 0]
					},
					"position": {
						"0.1667": [0, 0, 0],
						"0.375": [0, 4, 0],
						"0.5417": [0, 4, 0],
						"0.7083": [0, 0, 0]
					}
				},
				"senpai": {
					"rotation": [0, 0, 0]
				},
				"arm0": {
					"rotation": {
						"0.0": [0, 0, 0],
						"0.2917": [-198.18138, 39.16408, -75.41551],
						"0.4167": [-116.70484, 30.56358, -46.47829],
						"0.5417": [-93.61065, 31.74345, -62.33621],
						"0.625": [-93.43821, 26.75174, -61.98531],
						"0.7083": [-98.83707, 36.73047, -62.73624],
						"0.7917": [-93.72, 34.24, -62.54],
						"0.875": [-93.61, 31.74, -62.34]
					}
				},
				"arm1": {
					"rotation": {
						"0.0": [0, 0, 0],
						"0.375": [-10, 0, 0],
						"0.5417": [-9.6658, -2.57594, -14.78217]
					}
				},
				"arm2": {
					"rotation": {
						"0.0": [0, 0, 0],
						"0.375": [-12.5, 0, 0],
						"0.5417": [10, 0, -12.5]
					}
				},
				"arm4": {
					"rotation": {
						"0.0": [0, 0, 0],
						"0.375": [-15, 0, 0],
						"0.5417": [10, 0, -5]
					}
				},
				"arm7": {
					"rotation": {
						"0.0": [0, 0, 0],
						"0.3333": [14.51082, 3.84097, -14.51082],
						"0.625": [25.78175, 8.90502, -25.96183]
					}
				},
				"arm10": {
					"rotation": {
						"0.0": [0, 0, 0],
						"0.3333": [-32.14, 0, 0],
						"0.5833": [-30, 0, 0]
					}
				},
				"arm11": {
					"rotation": {
						"0.0": [0, 0, 0],
						"0.3333": [-40, 0, 0],
						"0.625": [0, 0, 0]
					}
				},
				"arm13": {
					"rotation": [0, 0, 0]
				},
				"bone5": {
					"rotation": {
						"0.4167": [0, 0, 0],
						"0.5417": [0, 27.5, 0]
					}
				}
			}
		},
		"animation.zjkl.smash": {
			"animation_length": 1,
			"bones": {
				"waist": {
					"rotation": [0, 22.5, 0]
				},
				"leg0": {
					"rotation": [-25, 0, 0]
				},
				"bone": {
					"rotation": [25, 0, 0]
				},
				"leg1": {
					"rotation": [25, 0, 0]
				},
				"body": {
					"rotation": {
						"0.0": [9.14091, 14.21288, 7.6141],
						"0.4167": [2.99533, 21.61968, 5.45768],
						"0.5": [9.3516, 5.26955, 6.05642],
						"0.5417": [9.65568, 0.59243, 5.20976],
						"0.5833": [10.11139, -11.96573, 2.97642],
						"0.75": [11.20421, -37.58062, -1.53997]
					}
				},
				"arm0": {
					"rotation": {
						"0.0": [0, 0, 0],
						"0.4167": [-201.99054, -12.19908, -27.62113],
						"0.75": [-50.47452, 9.58497, -59.94837],
						"0.7917": [-50.17621, 11.50805, -58.32534],
						"0.8333": [-47.77414, 10.86537, -58.8669],
						"0.875": [-51.62207, 10.22268, -59.40845],
						"0.9167": [-50.47, 9.58, -59.95]
					},
					"position": {
						"0.4167": [0, 0, 0],
						"0.75": [-1, 0, -3]
					}
				},
				"arm2": {
					"rotation": {
						"0.0": [0, 0, 0],