{
	"format_version": "1.8.0",
	"animations": {
		"animation.jmkl.attack": {
			"animation_length": 0.91667,
			"bones": {
				"waist": {
					"rotation": [0, 0, 0],
					"position": [0, 0, 3]
				},
				"leg0": {
					"rotation": {
						"0.0": [-22.5, 0, 0],
						"0.25": [-22.6065, 45.09205, 2.38138],
						"0.5": [-16.35731, 1.9199, 7.86141],
						"0.6667": [-16.46534, -0.20188, 0.66658]
					}
				},
				"bone": {
					"rotation": [22.5, 0, 0]
				},
				"leg1": {
					"rotation": [-22.5, 0, 0]
				},
				"bone2": {
					"rotation": [22.5, 0, 0]
				},
				"body": {
					"rotation": {
						"0.0": [52.5, 0, 0],
						"0.25": [44.27887, 14.60559, 13.81465],
						"0.5": [43.8547, -12.80911, -12.02501],
						"0.6667": [48.20026, -25.01878, -25.3207],
						"0.7917": [42.49533, 0.00009, -0.00604]
					},
					"position": [0, 0, 0]
				},
				"head": {
					"rotation": [-45, 0, 0],
					"position": [0, 0, -2]
				},
				"arm0": {
					"rotation": {
						"0.0": [-67.54325, -21.52829, -12.74512],
						"0.25": [-287.54325, -21.52829, -12.74512],
						"0.375": [-268.29, -22.69, -37.03],
						"0.5833": [-150.79, -22.69, -37.03],
						"0.6667": [-124.61, -12.35, -20.71],
						"0.8333": [-72.24524, 8.32463, 11.93006]
					}
				},
				"arm1": {
					"rotation": {
						"0.0": [5, 0, 0],
						"0.125": [17.5, 0, 0],
						"0.5": [5, 0, 0],
						"0.6667": [17.5, 0, 0],
						"0.8333": [-2.5, 0, 0]
					}
				},
				"arm2": {
					"rotation": {
						"0.0": [2.5, 0, 0],
						"0.125": [25, 0, 0],
						"0.25": [2.5, 0, 0],
						"0.375": [22.5, 0, 0],
						"0.6667": [22.5, 0, 0],
						"0.8333": [-10, 0, 0]
					},
					"position": [0, 0, 0]
				},
				"arm3": {
					"rotation": {
						"0.0": [7.5, 0, 0],
						"0.125": [15, 0, 0],
						"0.25": [38.25, 0, 0],
						"0.3333": [28.75, 0, 0],
						"0.375": [20, 0, 0],
						"0.5": [12.5, 0, 0]
					}
				},
				"arm4": {
					"rotation": {
						"0.0": [10, 0, 0],
						"0.125": [25, 0, 0],
						"0.25": [50, 0, 0],
						"0.375": [35, 0, 0],
						"0.5": [0, 0, 0],
						"0.6667": [15, 0, 0]
					},
					"position": {
						"0.0": [0, 0, 0],
						"0.4167": [0, -2, 0],
						"0.6667": [0, -7, 1],
						"0.7917": [0, 0, 0]
					}
				},
				"arm5": {
					"rotation": {
						"0.2083": [0, 0, 0],
						"0.3333": [37.5, 0, 0],
						"0.375": [21.88, 0, 0]
					}
				},
				"arm6": {
					"rotation": {
						"0.0": [7.5, 0, 0],
						"0.125": [7.5, 0, 0],
						"0.25": [22.5, 0, 0]
					},
					"position": {
						"0.0": [0, 0, 0],
						"0.4167": [0, -3, 1],
						"0.6667": [0, -3, 1],
						"0.75": [0, 0, 0]
					}
				},
				"arm7": {
					"rotation": {
						"0.0": [-83.11385, -8.47779, -5.98546],
						"0.3333": [-58.93379, -19.08888, -23.48368],
						"0.6667": [-3.93379, -19.08888, -23.48368]
					}
				},
				"arm8": {
					"rotation": [10, 0, 0]
				},
				"arm9": {
					"rotation": {
						"0.0": [12.5, 0, 0],
						"0.6667": [-7.5, 0, 0]
					}
				},
				"arm10": {
					"rotation": [7.5, 0, 0]
				},
				"arm11": {
					"rotation": {
						"0.0": [12.5, 0, 0],
						"0.3333": [12.5, 0, 0],
						"0.5833": [-10, 0, 0]
					}
				},
				"arm12": {
					"rotation": [7.5, 0, 0]
				},
				"arm13": {
					"rotation": {
						"0.0": [12.5, 0, 0],
						"0.3333": [12.5, 0, 0],
						"0.5417": [-10, 0, 0]
					},
					"position": [0, 0, 0]
				},
				"fk": {
					"scale": 0
				}
			}
		},
		"animation.jmkl.ccdh": {
			"animation_length": 2.5,
			"bones": {
				"leg0": {
					"rotation": {
						"1.0": [0, 0, 0],
						"1.0833": [-20, 0, 0],
						"1.75": [-20, 0, 0],
						"1.875": [0, 0, 0]
					},
					"position": [0, 0, 0],
					"scale": {
						"0.0": [0, 0, 0],
						"1.0": [0, 0, 0],
						"1.0833": [1, 1, 1]
					}
				},
				"bone": {
					"rotation": {
						"1.0": [0, 0, 0],
						"1.0833": [20, 0, 0],
						"1.75": [20, 0, 0],
						"1.875": [0, 0, 0]
					},
					"position": [0, 0, 0]
				},
				"leg1": {
					"rotation": {
						"1.0": [0, 0, 0],
						"1.0833": [-20, 0, 0],
						"1.75": [-20, 0, 0],
						"1.875": [0, 0, 0]
					},
					"scale": {
						"0.0": [0, 0, 0],
						"1.0": [0, 0, 0],
						"1.0833": [1, 1, 1]
					}
				},
				"bone2": {
					"rotation": {
						"1.0": [0, 0, 0],
						"1.0833": [20, 0, 0],
						"1.75": [20, 0, 0],
						"1.875": [0, 0, 0]
					}
				},
				"body": {
					"rotation": {
						"1.0": [0, 0, 0],
						"1.25": [25, 0, 0],
						"1.375": [25, 0, 0],
						"1.5833": [0, 0, 0],
						"1.7083": [0, 0, 0]
					},
					"position": {
						"1.0": [0, 0, 0],
						"1.0833": [0, -2, 0],
						"1.7083": [0, -1, 0],
						"1.8333": [0, 0, 0]
					},
					"scale": {
						"0.0": [0, 0, 0],
						"1.0": [0, 0, 0],
						"1.0833": [1, 1, 1]
					}
				},
				"head": {
					"position": [0, 0, 0]
				},
				"arm0": {
					"rotation": {
						"1.0833": [17.5, 0, 10],
						"1.25": [17.5, 0, 10],
						"1.375": [17.5, 0, 10],
						"1.5833": [0, 0, 10],
						"1.875": [0, 0, 0]
					}
				},
				"arm2": {
					"rotation": {
						"1.0": [0, 0, 0],
						"1.0833": [-22, 0, 0],
						"1.25": [-22, 0, 0],
						"1.75": [-22, 0, 0],
						"1.875": [0, 0, 0]
					}
				},
				"arm4": {
					"rotation": {
						"1.0": [0, 0, 0],
						"1.0833": [-37, 0, 0],
						"1.75": [-37, 0, 0],
						"1.875": [0, 0, 0]
					}
				},
				"arm7": {
					"rotation": {
						"1.0": [0, 0, 0],
						"1.0833": [10, 0, -20],
						"1.25": [10, 0, -20],
						"1.375": [10, 0, -20],
						"1.5833": [0, 0, -20],
						"1.875": [0, 0, 0]
					},
					"position": [0, 0, 0]
				},
				"arm9": {
					"rotation": {
						"1.0": [0, 0, 0],
						"1.0833": [-22, 0, 0],
						"1.75": [-22, 0, 0],
						"1.875": [0, 0, 0]
					}
				},
				"arm11": {
					"rotation": {
						"1.0": [0, 0, 0],
						"1.0833": [-37, 0, 0],
						"1.75": [-37, 0, 0],
						"1.875": [0, 0, 0]
					}
				},
				"fk": {
					"rotation": {
						"0.625": [0, 0, 0],
						"0.7917": [-4.17, 0, 0],
						"1.0": [-12.5, 0, 0]
					},
					"position": {
						"0.2917": [0, -6, 3],
						"0.625": [0, 37, 3],
						"0.7917": [0, 37, 3],
						"1.0": [0, -28, -7]
					},
					"scale": {
						"0.0": [0, 0, 0],
						"0.2917": [2, 2, 2],
						"1.0": [2, 2, 2],
						"1.0833": [0, 0, 0]
					}
				},
				"bone3": {
					"position": {
						"0.0": [0, 0, 0],
						"0.2917": [0, 11, 0],
						"0.5": [0, 8, 0]
					},
					"scale": {
						"0.0": [1, 1, 1],
						"0.2917": [1, 1, 1]
					}
				},
				"bone4": {
					"rotation": {
						"0.0": [0, 0, 0],
						"0.2917": [0, 0, 0]
					},
					"position": {
						"0.0": [0, 0, 0],
						"0.2917": [-12, 0, 0],
						"0.5": [-8, 0, 0]
					}
				},
				"bone5": {
					"position": {
						"0.0": [0, 0, 0],
						"0.2917": [0, -12, 0],
						"0.5": [0, -8, 0]
					},
					"scale": 1
				},
				"bone6": {
					"rotation": [0, 0, 0],
					"position": {
						"0.0": [0, 0, 0],
						"0.2917": [11, 0, 0],
						"0.5": [8, 0, 0]
					},
					"scale": {
						"0.0": [1, 1, 1],
						"0.2917": [1, 1, 1]
					}
				}
			}
		},
		"animation.jmkl.move": {
			"loop": true,
			"animation_length": 0.75,
			"bones": {
				"leg0": {
					"rotation": {
						"0.0": [-45, 0, 0],
						"0.375": [45, 0, 0],
						"0.7083": [-45, 0, 0]
					},
					"position": {
						"0.0": [0, -4, 0],
						"0.375": [0, -2, 0],
						"0.7083": [0, -4, 0]
					}
				},
				"bone": {
					"rotation": {
						"0.0": [45, 0, 0],
						"0.375": [0, 0, 0],
						"0.7083": [45, 0, 0]
					},
					"position": {
						"0.0": [0, 2.1, -0.89],
						"0.375": [0, 0, 0],
						"0.7083": [0, 2.1, -0.89]
					}
				},
				"body": {
					"rotation": {
						"0.0": [20, 0, 0],
						"0.7083": [20, 0, 0]
					},
					"position": {
						"0.0": [0, -3, 0],
						"0.375": [0, -3.5, 0],
						"0.7083": [0, -3, 0]
					}
				},
				"head": {
					"rotation": [-15, 0, 0]
				},
				"arm0": {
					"rotation": {
						"0.0": [55, 0, 10],
						"0.375": [-60, 0, 10],
						"0.7083": [55, 0, 10]
					}
				},