{
	"format_version": "1.8.0",
	"animations": {
		"animation.jscq.move": {
			"loop": true,
			"animation_length": 0.70833,
			"bones": {
				"body": {
					"rotation": {
						"0.0": [25, 5, -10],
						"0.25": [40, 0, 0],
						"0.5": [25, -5, 10],
						"0.7083": [25, 5, -10]
					},
					"position": {
						"0.0": [-2, -3, -5],
						"0.25": [0, -7, -6],
						"0.5": [2, -5, -4],
						"0.7083": [-2, -2, -5]
					}
				},
				"rightArm": {
					"rotation": {
						"0.0": [-90, 25, 0],
						"0.2083": [-37.5, 0, 0],
						"0.4167": [-33.60502, 17.72091, 24.60981],
						"0.5833": [-66.74973, -12.1942, 11.7443],
						"0.7083": [-90, 25, 0]
					}
				},
				"leftArm": {
					"rotation": {
						"0.0": [-90, -52.5, 0],
						"0.2083": [-137.5, -30, 0],
						"0.4167": [-232.37075, -51.18666, 149.00707],
						"0.5833": [-57.5, -22.5, 0],
						"0.7083": [-90, -25.5, 0]
					}
				},
				"rightLeg": {
					"rotation": {
						"0.0": [-50, 0, 0],
						"0.2083": [45, 0, 0],
						"0.375": [-50, 0, 0],
						"0.5417": [40, 0, 0],
						"0.7083": [-50, 0, 0]
					},
					"position": {
						"0.0": [0, -1, 0],
						"0.2083": [0, -2, 0],
						"0.375": [0, -1, 0],
						"0.5417": [0, -1, 0],
						"0.7083": [0, -1, 0]
					}
				},
				"bone4": {
					"rotation": {
						"0.0": [0, 0, 0],
						"0.2083": [45, 0, 0],
						"0.4167": [0, 0, 0],
						"0.5833": [45, 0, 0],
						"0.7083": [0, 0, 0]
					},
					"position": {
						"0.0": [0, 0, 0],
						"0.2083": [0, 1.4, -0.6],
						"0.4167": [0, 0, 0],
						"0.5833": [0, 1.4, -0.6],
						"0.7083": [0, 0, 0]
					}
				},
				"leftLeg": {
					"rotation": {
						"0.0": [50, 0, 0],
						"0.2083": [-50, 0, 0],
						"0.375": [50, 0, 0],
						"0.5417": [-50, 0, 0],
						"0.7083": [50, 0, 0]
					},
					"position": {
						"0.0": [0, 0, -1],
						"0.2083": [0, -2, 2],
						"0.375": [0, -2, 0],
						"0.5417": [0, -2, 1],
						"0.7083": [0, 0, -1]
					}
				},
				"bone6": {
					"rotation": {
						"0.0": [45, 0, 0],
						"0.2083": [0, 0, 0],
						"0.375": [45, 0, 0],
						"0.5417": [0, 0, 0],
						"0.7083": [45, 0, 0]
					},
					"position": {
						"0.0": [0, 1.4, -0.6],
						"0.2083": [0, 0, 0],
						"0.375": [0, 1.4, -0.6],
						"0.5417": [0, 0, 0],
						"0.7083": [0, 1.4, -0.6]
					}
				}
			}
		}
	}
}