{
	"format_version": "1.8.0",
	"animations": {
		"animation.king.attack": {
			"animation_length": 0.7,
			"override_previous_animation": true,
			"bones": {
				"rightarm": {
					"rotation": {
						"0.0": [-44.8, 25.09, 21.7],
						"0.2": [-59.73426, 13.7808, 65.96137],
						"0.3": [19.72955, 2.00205, 57.60757],
						"0.5": [27.22955, 2.00205, 57.60757],
						"0.6": [20.25017, 18.70491, 20.49195]
					},
					"position": [0, 0, 0]
				},
				"leftarm": {
					"rotation": {
						"0.0": [-21.67413, 35.49177, -25.49301],
						"0.2": [-80.01667, 29.15522, -49.73624],
						"0.3": [27.11553, 8.53726, -24.87961],
						"0.5": [37.00695, 18.21397, -39.37122],
						"0.7": [-25.49305, 18.21397, -39.37122]
					}
				},
				"body": {
					"rotation": {
						"0.0": [17.75313, -9.53274, -3.03513],
						"0.2": [17.56274, 4.76804, 1.50701],
						"0.3": [37.89807, 11.91277, 3.81397],
						"0.5": [18.07778, 14.29061, 4.60659],
						"0.7": [17.51565, 2.38423, 0.7522]
					},
					"position": {
						"0.0": [0, -2, 0],
						"0.2": [0, -3, 0],
						"0.3": [0, -5, -2],
						"0.5": [0, -3, 0]
					}
				},
				"bone5": {
					"rotation": [-15, 0, 0],
					"position": [0, 0.55, -0.2]
				},
				"bone": {
					"rotation": [-25, 0, 0],
					"position": [0, 1, -0.24]
				},
				"leg0": {
					"rotation": {
						"0.0": [-49.56754, 7.64427, 6.46635],
						"0.2": [-61.49156, 46.0615, -20.31636],
						"0.3": [-73.52552, 16.16843, -16.65718],
						"0.5": [-53.96995, 12.36746, -8.15762]
					},
					"position": {
						"0.0": [0, 0, 0],
						"0.2": [0, 0, 0]
					}
				},
				"bone3": {
					"rotation": [35, 0, 0],
					"position": [0, 1.15, -0.35]
				},
				"leg1": {
					"rotation": {
						"0.0": [-22.5, 0, 0],
						"0.2": [-40.60391, -41.33637, -2.11849],
						"0.3": [-54.5885, -34.44411, -0.96105],
						"0.5": [2.86052, -38.61146, -15.75263],
						"0.7": [-25.05526, -29.81445, 2.60955]
					},
					"position": {
						"0.2": [0, 0, 0],
						"0.5": [0, 0, 0],
						"0.7": [0, 2, 0]
					}
				},
				"bone4": {
					"rotation": {
						"0.0": [22.5, 0, 0],
						"0.5": [22.5, 0, 0],
						"0.7": [7.5, 0, 0]
					},
					"position": {
						"0.0": [0, 1, 0],
						"0.5": [0, 1, 0],
						"0.7": [0, 0.3, 0]
					}
				},
				"bone6": {
					"position": {
						"0.0": [0, 0, -2],
						"0.1": [0, 0, -20],
						"0.2": [0, 0, -20],
						"0.4": [0, 0, 0]
					}
				},
				"bone7": {
					"position": {
						"0.0": [0, 0, 0],
						"0.1": [0, 0, -10],
						"0.2": [0, 0, -10],
						"0.4": [0, 0, 0]
					}
				},
				"bone10": {
					"rotation": [7.5, 0, 0]
				},
				"bone16": {
					"rotation": {
						"0.0": [0, 0, 0],
						"0.2": [0, 0, -12.5]
					}
				},
				"bone17": {
					"rotation": {
						"0.0": [0, 0, 0],
						"0.2": [0, 0, 12.5]
					}
				}
			}
		},
		"animation.kingshort_attack": {
			"animation_length": 1.25,
			"override_previous_animation": true,
			"bones": {
				"body": {
					"rotation": {
						"0.0": [10, 0, 0],
						"0.1667": [-2.5, 0, 0],
						"0.25": [-3.61249, 6.29595, 0.99754],
						"0.4167": [-5.20172, 27.53642, 0.61737],
						"0.5": [-4.99397, 22.55617, 1.10761],
						"0.8333": [2.5, 0, 0]
					},
					"position": {
						"0.0": [0, -3, 0],
						"0.25": [0, -3, 0],
						"0.3333": [0, -3, 2],
						"0.8333": [0, -2, 2]
					}
				},
				"leftarm": {
					"rotation": {
						"0.0": [-47.5, 0, -45],
						"0.1667": [-76.83966, 6.58183, -50.99477],
						"0.5": [-76.84, 6.58, -50.99],
						"1.0833": [-6.84, 6.58, -50.99]
					}
				},
				"bone5": {
					"rotation": [-17.5, 0, 0],
					"position": [0, 1, 0]
				},
				"rightarm": {
					"rotation": {
						"0.0": [0, 0, 22.5],
						"0.1667": [26.42818, -1.91144, 116.53895],
						"0.25": [14.86202, 0.88963, 145.18749],
						"0.3333": [1.10415, 14.05159, 142.37605],
						"0.4167": [1.46473, 21.64199, 144.10698],
						"0.5": [1.77816, 24.23401, 145.70267],
						"0.8333": [40.83396, 1.64654, 85.96594],
						"1.0": [-11.48724, 13.13417, 16.22731]
					}
				},
				"bone": {
					"rotation": [-20, 0, 0],
					"position": [0, 2, 0]
				},
				"leg0": {
					"rotation": {
						"0.0": [30, 0, 0],
						"0.25": [-6.22582, 50.29684, 11.18564],
						"0.3333": [32.2979, 70.92511, 64.56968],
						"0.5": [-6.23, 50.3, 11.19],
						"1.0": [-34.50964, 47.00254, -3.13092]
					}
				},
				"bone3": {
					"rotation": {
						"0.0": [22.5, 0, 0],
						"0.25": [22.5, 0, 0]
					},
					"position": {
						"0.0": [0, 0.75, -0.15],
						"0.25": [0, 0.8, -0.15]
					}
				},
				"leg1": {
					"rotation": {
						"0.0": [-37.5, 0, 0],
						"0.25": [-31.61787, -25.64388, -12.66456],
						"0.3333": [-33.78775, -38.84922, -9.64526],
						"0.5": [-37.62023, -48.69224, -4.76432],
						"0.75": [-31.62, -25.64, -12.66],
						"1.0": [-15.69823, -12.38651, -16.59161]
					}
				},
				"bone4": {
					"rotation": {
						"0.0": [25, 0, 0],
						"0.25": [40, 0, 0]
					},
					"position": {
						"0.0": [0, 0.85, -0.2],
						"0.25": [0, 1.3, -0.45]
					}
				},
				"bone6": {
					"rotation": [0, 0, 0],
					"position": {
						"0.0": [0, 0, 0],
						"0.25": [0, 0, 0],
						"0.3333": [0, 0, -50],
						"0.4167": [0, 0, -50],
						"0.5": [0, 0, -50],
						"0.75": [0, 0, 0]
					}
				},
				"bone7": {
					"position": {
						"0.0": [0, 0, 0],
						"0.25": [0, 0, 0],
						"0.3333": [0, 0, -10],
						"0.5": [0, 0, -10],
						"0.75": [0, 0, 0]
					}
				},
				"bone8": {
					"position": {
						"0.0": [0, 0, 0],
						"0.25": [0, 0, 0],
						"0.3333": [0, 0, -20],
						"0.5": [0, 0, -20],
						"0.75": [0, 0, 0]
					}
				},
				"bone9": {
					"position": {
						"0.0": [0, 0, 0],
						"0.25": [0, 0, 0],
						"0.3333": [0, 0, -40],
						"0.5": [0, 0, -40],
						"0.75": [0, 0, 0]
					}
				},
				"bone12": {
					"position": {
						"0.0": [0, 0, 0],
						"0.25": [0, 0, 0],
						"0.3333": [0, 0, -30],
						"0.5": [0, 0, -30],
						"0.75": [0, 0, 0]
					}
				},
				"bone13": {
					"position": {
						"0.0": [0, 0, 0],
						"0.25": [0, 0, 0]
					}
				},
				"bone14": {
					"position": {
						"0.0": [0, 0, 0],
						"0.1667": [0, 0, 0],
						"0.25": [0, 0, 0]
					}
				},
				"bone15": {
					"position": {
						"0.0": [0, 0, 0],
						"0.1667": [0, 0, 0],
						"0.25": [0, 0, 0]
					}
				},
				"bone16": {
					"rotation": {
						"0.0": [0, 0, 0],
						"0.1667": [0, 0, 0],
						"0.25": [0, 0, -5]
					}
				},
				"bone17": {
					"rotation": {
						"0.0": [0, 0, 0],
						"0.1667": [0, 0, 0],
						"0.25": [0, 0, 5]
					}
				},
				"bone10": {
					"position": {
						"0.25": [0, 0, 0],
						"0.5": [0, 0, -9]
					}
				},
				"bone11": {
					"position": {
						"0.25": [0, 0, 0],
						"0.5": [0, 0, 10]
					}
				}
			}
		},
		"animation.king.move": {
			"loop": true,
			"animation_length": 0.9,
			"bones": {
				"body": {
					"rotation": {
						"0.0": [30, 0, 0],
						"0.2": [25, 0, 0],
						"0.4": [22.5, 0, 0],
						"0.6": [27.5, 0, 0],
						"0.8": [30, 0, 0],
						"0.9": [30, 0, 0]
					},
					"position": [0, -3, -5]
				},
				"leftarm": {
					"rotation": {
						"0.0": [-85, -6, -25],
						"0.2": [58.55806, 0.00743, -25.49141],
						"0.5": [-97.50763, -16.78839, -25.19124],
						"0.7": [23.09438, -21.47846, -27.02627],
						"0.9": [-85, -6, -25]
					}
				},
				"bone5": {
					"rotation": [-17.5, 0, 0],
					"position": [0, 1, 0]
				},
				"rightarm": {
					"rotation": {
						"0.0": [120, 30, 155],
						"0.2": [101.73564, 43.99377, 143.99515],
						"0.5": [119.0388, 35.35622, 158.4862],
						"0.7": [106.25192, 26.49041, 153.08226],
						"0.9": [120, 30, 155]
					}
				},
				"bone": {
					"rotation": [17.5, 0, 0],
					"position": [0, 1, 0]
				},
				"leg0": {
					"rotation": {
						"0.0": [-100, 0, 0],
						"0.2": [45, 0, 0],
						"0.5": [-100, 0, 0],
						"0.7": [45, 0, 0],
						"0.9": [-100, 0, 0]
					}
				},
				"bone3": {
					"rotation": {
						"0.0": [32.5, 0, 0],
						"0.3": [0, 0, 0],