{
	"format_version": "1.8.0",
	"animations": {
		"animation.lem.gd": {
			"animation_length": 0.75,
			"bones": {
				"body": {
					"rotation": {
						"0.0": [0, 0, 0],
						"0.3333": [30, 0, 0]
					},
					"position": {
						"0.0": [0, 0, 0],
						"0.3333": [0, -3, -6]
					}
				},
				"leftarm": {
					"rotation": {
						"0.0": [0, 0, 0],
						"0.3333": [-98.99986, 23.36402, -146.33157]
					}
				},
				"rightarm": {
					"rotation": {
						"0.0": [0, 0, 0],
						"0.3333": [-76.93569, -7.43547, 64.14743]
					}
				},
				"rightleg": {
					"rotation": {
						"0.0": [0, 0, 0],
						"0.3333": [-13.07557, 26.0058, 1.12571]
					},
					"position": {
						"0.0": [0, 0, 0],
						"0.3333": [0, -1, 0]
					}
				},
				"bone9": {
					"rotation": {
						"0.0": [0, 0, 0],
						"0.3333": [15, 0, 0]
					},
					"position": {
						"0.0": [0, 0, 0],
						"0.3333": [0, 0.55, -0.05]
					}
				},
				"leftleg": {
					"rotation": {
						"0.0": [0, 0, 0],
						"0.3333": [-10, 0, 0]
					},
					"position": {
						"0.0": [0, 0, 0],
						"0.3333": [0, -0.5, 0]
					}
				},
				"bone10": {
					"rotation": {
						"0.0": [0, 0, 0],
						"0.3333": [10, 0, 0]
					},
					"position": {
						"0.0": [0, 0, 0],
						"0.3333": [0, 0.35, 0]
					}
				}
			}
		}
	}
}