{
	"format_version": "1.8.0",
	"animations": {
		"animation.armoredbrine.move": {
			"loop": true,
			"animation_length": 0.79167,
			"bones": {
				"body": {
					"rotation": [35, 0, 0],
					"position": {
						"0.0": [0, -3.5, -6],
						"0.2083": [0, -3.5, -6],
						"0.2917": [0, -3.8, -6],
						"0.4583": [0, -3.5, -6],
						"0.5417": [0, -3.8, -6],
						"0.7083": [0, -3.8, -6],
						"0.7917": [0, -3.5, -6]
					}
				},
				"rightArm": {
					"rotation": [45, 0, 10]
				},
				"leftArm": {
					"rotation": [45, 0, -10]
				},
				"leftLeg": {
					"rotation": {
						"0.0": [45, 0, 0],
						"0.2083": [-80, 0, 0],
						"0.2917": [-80, 0, 0],
						"0.5": [45, 0, 0],
						"0.7083": [-80, 0, 0],
						"0.7917": [45, 0, 0]
					},
					"position": {
						"0.0": [0, 0, 0],
						"0.2083": [0, 0, 0],
						"0.2917": [0, 0, 0],
						"0.5": [0, 0, 0],
						"0.7083": [0, 0, 0]
					}
				},
				"rightLeg": {
					"rotation": {
						"0.0": [-80, 0, 0],
						"0.0833": [-80, 0, 0],
						"0.25": [45, 0, 0],
						"0.4583": [-80, 0, 0],
						"0.5417": [-80, 0, 0],
						"0.7083": [45, 0, 0],
						"0.7917": [-80, 0, 0]
					},
					"position": {
						"0.0": [0, 0, 0],
						"0.0833": [0, 0, 0],
						"0.25": [0, 0, 0],
						"0.4583": [0, 0, 0],
						"0.5417": [0, 0, 0],
						"0.7083": [0, 0, 0],
						"0.7917": [0, 0, 0]
					}
				},
				"bone4": {
					"rotation": {
						"0.0": [0, 0, 0],
						"0.125": [12.51266, 0.14447, -0.20873],
						"0.25": [0, 0, 0],
						"0.375": [15, 0, 0],
						"0.5": [0, 0, 0]
					},
					"position": {
						"0.0": [0, 0, 0],
						"0.125": [0, 0.45, -0.05],
						"0.25": [0, 0, 0],
						"0.375": [0, 0.5, -0.05],
						"0.5": [0, 0, 0]
					}
				},
				"bone6": {
					"rotation": {
						"0.0": [0, 0, 0],
						"0.125": [15, 0, 0],
						"0.2917": [0, 0, 0]
					},
					"position": {
						"0.0": [0, 0, 0],
						"0.125": [0, 0.51, -0.07],
						"0.2917": [0, 0, 0]
					}
				}
			}
		}
	}
}