{
	"format_version": "1.8.0",
	"animations": {
		"animation.panda.attack": {
			"animation_length": 0.70833,
			"override_previous_animation": true,
			"bones": {
				"body": {
					"rotation": {
						"0.0": [0, 0, 0],
						"0.0417": [-15, 0, 0],
						"0.0833": [-23, 0, 0],
						"0.125": [-24.13, 0, 0],
						"0.1667": [-34.35, 0, 0],
						"0.2083": [-50.92, 0, 0],
						"0.25": [-65, 0, 0],
						"0.2917": [-80, 0, 0],
						"0.4167": [-80, 0, 0],
						"0.7083": [0, 0, 0]
					},
					"position": {
						"0.0": [0, 0, 0],
						"0.0833": [0, 0, 0],
						"0.125": [0, 0, -3],
						"0.2917": [0, 7, 0],
						"0.375": [0, 6, 0],
						"0.4583": [0, 4, 0],
						"0.5417": [0, 1, 0],
						"0.5833": [0, -2, 0],
						"0.6667": [0, -4, 0]
					},
					"scale": 1
				},
				"head": {
					"rotation": {
						"0.0": [0, 0, 0],
						"0.2917": [80, 0, 0],
						"0.4167": [80, 0, 0],
						"0.6667": [0, 0, 0]
					},
					"position": [0, 0, 0]
				},
				"leg0": {
					"rotation": {
						"0.0": [0, 0, 0],
						"0.2917": [80, 0, 0],
						"0.4167": [80, 0, 0],
						"0.6667": [0, 0, 0]
					},
					"position": {
						"0.0": [0, 0, 0],
						"0.2917": [0, 6, 4]
					},
					"scale": 1
				},
				"leg1": {
					"rotation": {
						"0.0": [0, 0, 0],
						"0.2917": [80, 0, 0],
						"0.4167": [80, 0, 0],
						"0.6667": [0, 0, 0]
					},
					"position": {
						"0.0": [0, 0, 0],
						"0.2917": [0, 7, 4]
					},
					"scale": 1
				},
				"leg2": {
					"rotation": {
						"0.0": [0, 0, 0],
						"0.1667": [-34.76973, 7.82703, 70.45603],
						"0.4167": [0.03281, -44.77795, -18.72809]
					},
					"position": {
						"0.0": [0, 0, 0],
						"0.1667": [-1, 2, -1]
					},
					"scale": 1
				},
				"leg3": {
					"rotation": {
						"0.0": [0, 0, 0],
						"0.2917": [45, 0, 0]
					},
					"position": {
						"0.0": [0, 0, 0],
						"0.2917": [1, 1, 0]
					},
					"scale": 1
				},
				"rightitem": {
					"rotation": {
						"0.2917": [0, 0, 0],
						"0.5": [-445, 0, 0]
					},
					"position": [0, 0, 0],
					"scale": 1
				},
				"bone": {
					"position": [0, 0, 0],
					"scale": {
						"0.125": [1, 1, 1],
						"0.4167": [1, 1.9, 1]
					}
				},
				"bone3": {
					"position": {
						"0.0": [0, 0, 0],
						"0.2917": [-2, 1, 0]
					},
					"scale": {
						"0.0": [1, 1, 1],
						"0.2917": [0.45, 0.45, 1]
					}
				},
				"bone2": {
					"rotation": [0, 0, 0],
					"position": [0, 0, 0],
					"scale": {
						"0.125": [1, 1, 1],
						"0.4167": [1, 1.9, 1]
					}
				},
				"bone4": {
					"position": {
						"0.0": [0, 0, 0],
						"0.2917": [2.8, 0.2, 0]
					},
					"scale": {
						"0.0": [1, 1, 1],
						"0.2917": [0.45, 0.45, 1]
					}
				},
				"bone5": {
					"rotation": {
						"0.2083": [0, 0, 0],
						"0.25": [15, 0, 0],
						"0.2917": [25, 0, 0],
						"0.3333": [37, 0, 0],
						"0.4583": [27, 0, 0],
						"0.5417": [0, 0, 0]
					},
					"position": {
						"0.2083": [0, 0, 0],
						"0.3333": [0, 1.3, -3],
						"0.4583": [0, 1.3, -3],
						"0.5417": [0, 0, 0]
					},
					"scale": 1
				}
			}
		},
		"animation.panda.move": {
			"loop": true,
			"animation_length": 0.33333,
			"override_previous_animation": true,
			"bones": {
				"leg0": {
					"rotation": {
						"0.0": [25, 0, 0],
						"0.0417": [10, 0, 0],
						"0.0833": [0, 0, 0],
						"0.125": [-10, 0, 0],
						"0.1667": [-25, 0, 0],
						"0.2083": [-10, 0, 0],
						"0.25": [0, 0, 0],
						"0.2917": [10, 0, 0],
						"0.3333": [25, 0, 0]
					}
				},
				"leg1": {
					"rotation": {
						"0.0": [-25, 0, 0],
						"0.0417": [-10, 0, 0],
						"0.0833": [0, 0, 0],
						"0.125": [10, 0, 0],
						"0.1667": [25, 0, 0],
						"0.2083": [10, 0, 0],
						"0.25": [0, 0, 0],
						"0.2917": [-10, 0, 0],
						"0.3333": [-25, 0, 0]
					}
				},
				"leg2": {
					"rotation": {
						"0.0": [-25, 0, 0],
						"0.0417": [-10, 0, 0],
						"0.0833": [0, 0, 0],
						"0.125": [10, 0, 0],
						"0.1667": [25, 0, 0],
						"0.2083": [10, 0, 0],
						"0.25": [0, 0, 0],
						"0.2917": [-10, 0, 0],
						"0.3333": [-25, 0, 0]
					}
				},
				"leg3": {
					"rotation": {
						"0.0": [25, 0, 0],
						"0.0417": [10, 0, 0],
						"0.0833": [0, 0, 0],
						"0.125": [-10, 0, 0],
						"0.1667": [-25, 0, 0],
						"0.2083": [-10, 0, 0],
						"0.25": [0, 0, 0],
						"0.2917": [10, 0, 0],
						"0.3333": [25, 0, 0]
					}
				}
			}
		},
		"animation.panda.xms": {
			"animation_length": 1.08333,
			"bones": {
				"body": {
					"rotation": {
						"0.0": [0, 0, 0],
						"0.25": [0, 0, 0],
						"1.0": [360, 0, 0]
					},
					"position": {
						"0.0": [0, 0, 24],
						"0.125": [0, -3, 24],
						"0.25": [0, 0, 24],
						"0.2917": [0, 1, 24],
						"0.3333": [0, 2, 24],
						"0.375": [0, 4, 23],
						"0.4167": [0, 7, 21],
						"0.4583": [0, 9, 20],
						"0.5": [0, 12, 17],
						"0.5417": [0, 14, 14],
						"0.5833": [0, 15, 12],
						"0.625": [0, 16, 11],
						"0.6667": [0, 17, 10],
						"0.7083": [0, 16, 9],
						"0.75": [0, 15, 8],
						"0.7917": [0, 14, 6],
						"0.8333": [0, 13, 5],
						"0.875": [0, 11, 4],
						"0.9167": [0, 10, 3],
						"0.9583": [0, 7, 1],
						"1.0": [0, 0, -3]
					},
					"scale": 1
				},
				"head": {
					"rotation": {
						"0.0": [0, 0, 0],
						"0.0417": [17.40286, 9.02281, -0.96846],
						"0.0833": [27.86082, -8.86042, -4.65468],
						"0.125": [40, 0, 0],
						"0.2083": [40, 0, 0],
						"0.25": [-5, 0, 0]
					},
					"position": [0, 0, 0],
					"scale": 1
				},
				"bone": {
					"rotation": [0, 0, 0],
					"position": [0, 0, 0],
					"scale": {
						"0.0": [1, 1, 1],
						"0.2083": [1, 2, 1]
					}
				},
				"bone2": {
					"rotation": [0, 0, 0],
					"position": [0, 0, 0],
					"scale": {
						"0.0": [1, 1, 1],
						"0.2083": [1, 2, 1]
					}
				},
				"bone5": {
					"rotation": {
						"0.0": [0, 0, 0],
						"0.25": [45, 0, 0],
						"0.5": [0, 0, 0]
					},
					"position": {
						"0.0": [0, 0, 0],
						"0.25": [0, 1, -4],
						"0.5": [0, 0, 0]
					},
					"scale": 1
				},
				"leg0": {
					"rotation": {
						"0.0": [-5, 0, 0],
						"0.25": [0, 0, 0],
						"0.5417": [-75.11502, -12, 3],
						"1.0": [0, 0, 0]
					},
					"position": {
						"0.0": [0, 0, 0],
						"0.125": [0, 2, 0],
						"0.25": [0, 0, 0]
					},
					"scale": 1
				},
				"leg1": {
					"rotation": {
						"0.0": [-5, 0, 0],
						"0.25": [0, 0, 0],
						"0.5417": [-75, 12, 3],
						"1.0": [0, 0, 0]
					},
					"position": {
						"0.0": [0, 0, 0],
						"0.125": [0, 2, 0],
						"0.25": [0, 0, 0]
					},
					"scale": 1
				},
				"leg2": {
					"rotation": {
						"0.0": [0, 0, 0],
						"0.5417": [33.86789, 21.10984, -27.73541],
						"1.0": [0, 0, 0]
					},
					"position": {
						"0.0": [0, 0, 0],
						"0.125": [0, 2, 0],
						"0.25": [0, 0, 0]
					},
					"scale": 1
				},
				"rightitem": {
					"rotation": {
						"0.0": [0, 0, 0],
						"0.5": [0, 0, 0],
						"0.7083": [0, 90, 0]
					}
				},
				"leg3": {
					"rotation": {
						"0.0": [0, 0, 0],
						"0.5417": [77.0101, -7.46166, 3.07282],
						"1.0": [0, 0, 0]
					},
					"position": {
						"0.0": [0, 0, 0],
						"0.125": [0, 2, 0],
						"0.25": [0, 0, 0]
					},
					"scale": 1
				}
			}
		}
	}
}