{
	"format_version": "1.8.0",
	"animations": {
		"animation.jszl.attack": {
			"animation_length": 1,
			"bones": {
				"body": {
					"rotation": {
						"0.0": [14.97314, -1.60667, 1.91561],
						"0.5": [17.02154, -28.084, -5.85581],
						"0.625": [17.02, -28.08, -5.86],
						"0.7917": [20.9929, 43.87405, 17.23219],
						"0.9583": [21.9085, 46.20101, 18.52591]
					},
					"position": [0.5, -1, -3]
				},
				"rightarm": {
					"rotation": {
						"0.0": [-217.21538, 46.06494, -84.14387],
						"0.5": [-77.5146, 0.40084, 85.89087],
						"0.625": [-80.0146, 0.40084, 85.89087],
						"0.7917": [47.4854, 0.40084, 85.89087],
						"1.0": [52.4854, 0.40084, 85.89087]
					}
				},
				"bone": {
					"rotation": {
						"0.0": [-57.5, 0, 0],
						"0.5": [-22.5, 0, 0]
					},
					"position": {
						"0.0": [0, 1.7, 0.93],
						"0.5": [0, 0.75, 0.15]
					}
				},
				"leftarm": {
					"rotation": {
						"0.0": [-37.48635, -7.09665, 2.33627],
						"0.5": [-38.2551, 34.27061, 71.7321]
					}
				},
				"rightleg": {
					"rotation": {
						"0.0": [30, 0, 0],
						"0.5": [-30, 0, 0],
						"1.0": [30, 0, 0]
					},
					"position": {
						"0.0": [0, 0, 0],
						"0.5": [0, -2, 0],
						"1.0": [0, 0, 0]
					}
				},
				"leftleg": {
					"rotation": {
						"0.0": [-30, 0, 0],
						"0.5": [30, 0, 0],
						"1.0": [-30, 0, 0]
					},
					"position": {
						"0.0": [0, -2, 0],
						"0.5": [0, -1, -1],
						"1.0": [0, -2, 0]
					}
				},
				"bone4": {
					"rotation": {
						"0.0": [0, 0, 0],
						"0.5": [30, 0, 0],
						"1.0": [0, 0, 0]
					},
					"position": {
						"0.0": [0, 0, 0],
						"0.5": [0, 1, -0.25],
						"1.0": [0, 0, 0]
					}
				},
				"bone5": {
					"rotation": {
						"0.0": [30, 0, 0],
						"0.5": [0, 0, 0],
						"1.0": [30, 0, 0]
					},
					"position": {
						"0.0": [0, 1, -0.25],
						"0.5": [0, 0, 0],
						"1.0": [0, 1, -0.25]
					}
				},
				"rightItem": {
					"rotation": {
						"0.0": [0, 0, 0],
						"0.125": [-66.40801, 76.66686, -67.29535],
						"0.25": [-69.67027, 68.74469, -80.79861],
						"0.375": [-19.63682, 61.86933, -108.53766],
						"0.4167": [11.90878, 41.24622, -72.35844],
						"0.5": [0, 0, 0]
					}
				}
			}
		},
		"animation.jszl.attack2": {
			"animation_length": 1,
			"bones": {
				"body": {
					"rotation": {
						"0.0": [14.97314, -1.60667, 1.91561],
						"0.5": [-15, 0, 0],
						"0.625": [-15, 0, 0],
						"0.7917": [20, 0, 0],
						"1.0": [22.5, 0, 0]
					},
					"position": {
						"0.0": [0.5, -1, -3],
						"0.5": [0, -2, 3],
						"0.625": [0, -2, 3],
						"0.7917": [0, -2, -4]
					}
				},
				"rightarm": {
					"rotation": {
						"0.0": [-217.21538, 46.06494, -84.14387],
						"0.5": [-89.80493, -24.97881, 33.0476],
						"0.625": [-80.13734, -38.70451, 25.48242],
						"0.7917": [-33.01805, -9.90055, -18.45162],
						"1.0": [-31.69628, -2.9624, -7.98124]
					},
					"position": {
						"0.0": [0, 0, 0],
						"0.5": [0, 0, -3]
					}
				},
				"bone": {
					"rotation": {
						"0.0": [-57.5, 0, 0],
						"0.5": [-22.5, 0, 0],
						"0.625": [-22.5, 0, 0],
						"0.7917": [0, 0, 0]
					},
					"position": {
						"0.0": [0, 1.7, 0.93],
						"0.5": [0, 0.75, 0.15],
						"0.625": [0, 0.75, 0.15],
						"0.7917": [0, 0, 0]
					}
				},
				"leftarm": {
					"rotation": {
						"0.0": [-37.48635, -7.09665, 2.33627],
						"0.5": [-75.7551, 34.27061, 71.7321],
						"0.7917": [-31.59078, -2.16718, 43.62381]
					},
					"position": {
						"0.0": [0, 0, 0],
						"0.5": [0, 0, -2]
					}
				},
				"rightleg": {
					"rotation": {
						"0.0": [30, 0, 0],
						"0.5": [-30, 0, 0],
						"1.0": [30, 0, 0]
					},
					"position": {
						"0.0": [0, 0, 0],
						"0.5": [0, -2, 0],
						"1.0": [0, 0, 0]
					}
				},
				"leftleg": {
					"rotation": {
						"0.0": [-30, 0, 0],
						"0.5": [30, 0, 0],
						"1.0": [-30, 0, 0]
					},
					"position": {
						"0.0": [0, -2, 0],
						"0.5": [0, -1, -1],
						"1.0": [0, -2, 0]
					}
				},
				"bone4": {
					"rotation": {
						"0.0": [0, 0, 0],
						"0.5": [30, 0, 0],
						"1.0": [0, 0, 0]
					},
					"position": {
						"0.0": [0, 0, 0],
						"0.5": [0, 1, -0.25],
						"1.0": [0, 0, 0]
					}
				},
				"bone5": {
					"rotation": {
						"0.0": [30, 0, 0],
						"0.5": [0, 0, 0],
						"1.0": [30, 0, 0]
					},
					"position": {
						"0.0": [0, 1, -0.25],
						"0.5": [0, 0, 0],
						"1.0": [0, 1, -0.25]
					}
				},
				"rightItem": {
					"rotation": {
						"0.0": [0, 0, 0],
						"0.125": [-66.40801, 76.66686, -67.29535],
						"0.25": [-69.67027, 68.74469, -80.79861],
						"0.375": [-19.63682, 61.86933, -108.53766],
						"0.4167": [11.90878, 41.24622, -72.35844],
						"0.5": [0, 0, 0],
						"0.625": [0, 0, 0],
						"0.7917": [42.5, 0, 0]
					}
				}
			}
		}
	}
}