{
	"format_version": "1.8.0",
	"animations": {
		"animation.steve.黑化": {
			"animation_length": 5,
			"override_previous_animation": true,
			"bones": {
				"leftArm": {
					"rotation": {
						"0.0": [0, 0, 0],
						"0.25": [-102.5, 0, -27.5],
						"3.25": [-102.5, 0, -27.5],
						"3.625": [40.42575, -1.83116, -39.68106]
					}
				},
				"bone3": {
					"rotation": {
						"0.0": [0, 0, 0],
						"0.25": [-42.5, 0, 0]
					},
					"position": {
						"0.0": [0, 0, 0],
						"0.25": [0, 0.68, 0.26]
					}
				},
				"body": {
					"rotation": {
						"0.0": [15, 0, 0],
						"0.3333": [15, 0, 0],
						"0.4583": [17.5, 0, 0],
						"0.625": [12.5, 0, 0],
						"0.75": [12.5, 0, 0],
						"0.8333": [12.48848, 0.54094, -2.44081],
						"0.9583": [12.48848, -0.54094, 2.44081],
						"1.0833": [12.48991, 0.542, -2.4416],
						"1.25": [12.39798, -1.61808, 7.32333],
						"1.4167": [12.48991, 0.542, -2.4416],
						"1.5417": [12.39798, -1.61808, 7.32333],
						"1.6667": [12.48991, 0.542, -2.4416],
						"1.7917": [12.39798, -1.61808, 7.32333],
						"2.25": [37.49, -0.54, 2.44],
						"2.875": [37.49, -0.54, 2.44],
						"3.25": [37.49, -0.54, 2.44],
						"3.625": [-27.51, -0.54, 2.44],
						"3.7083": [-27.51, -0.54, 2.44],
						"3.9167": [22.49, -0.54, 2.44]
					},
					"position": {
						"0.0": [0, -2, -3],
						"0.3333": [0, -2, -3],
						"0.4583": [0, -2, -3.3],
						"0.625": [0, -2, -2.3],
						"0.75": [0, -2, -2.3],
						"0.8333": [-0.5, -2, -2.3],
						"0.9583": [0.5, -2, -2.3],
						"1.0833": [-0.5, -2, -2.3],
						"1.25": [1.5, -2, -2.3],
						"1.4167": [-0.5, -2, -2.3],
						"1.5417": [1.5, -2, -2.3],
						"1.6667": [-0.5, -2, -2.3],
						"1.7917": [1.5, -2, -2.3],
						"2.25": [0.5, -6, -7.3],
						"2.875": [0.5, -6, -7.3],
						"3.25": [0.5, -6, -7.3],
						"3.625": [0.5, -3, 5.7],
						"3.7083": [0.5, -3, 5.7],
						"3.9167": [0.5, -3, -4.3],
						"4.0417": [0.5, -3.5, -4.3],
						"4.1667": [0.5, -3, -4.3],
						"4.2917": [0.5, -3.5, -4.3],
						"4.4583": [0.5, -3, -4.3],
						"4.625": [0.5, -3.5, -4.3],
						"4.7917": [0.5, -3, -4.3]
					}
				},
				"head": {
					"rotation": {
						"0.0": [0, 0, 0],
						"0.3333": [47.5, 0, 0],
						"3.25": [47.5, 0, 0],
						"3.625": [-17.5, 0, 0],
						"3.8333": [22.5, 0, 0]
					}
				},
				"rightArm": {
					"rotation": {
						"0.125": [0, 0, 0],
						"0.4167": [-62.5, 0, 142.5],
						"3.25": [-62.5, 0, 142.5],
						"3.625": [54.77535, -36.81662, -14.56607]
					}
				},
				"bone5": {
					"rotation": {
						"0.0": [0, 0, 0],
						"0.4167": [0, 0, 20]
					},
					"position": {
						"0.0": [0, 0, 0],
						"0.4167": [-0.55, 0.8, 0]
					}
				},
				"rightLeg": {
					"rotation": {
						"0.0": [-15, 15.13247, -1],
						"1.625": [-15, 15.13, -1],
						"2.0": [-35, 15.13, -1],
						"3.25": [-35, 15.13, -1],
						"3.625": [-20, 15.13, -1]
					},
					"position": {
						"0.0": [0, -1, 0],
						"1.625": [0, -1, 0],
						"2.0": [0, -2.5, 0],
						"3.25": [0, -2.5, 0],
						"3.625": [0, -1.2, 0]
					},
					"scale": 1
				},
				"bone4": {
					"rotation": {
						"0.0": [15, 0, 0],
						"1.625": [15, 0, 0],
						"2.0": [35, 0, 0],
						"3.25": [35, 0, 0],
						"3.625": [20, 0, 0]
					},
					"position": {
						"0.0": [0, 0.55, -0.07],
						"1.625": [0, 0.55, -0.07],
						"2.0": [0, 1.15, -0.35],
						"3.25": [0, 1.15, -0.35],
						"3.625": [0, 0.68, -0.11]
					}
				},
				"leftLeg": {
					"rotation": {
						"0.0": [-10, -20, 0],
						"1.625": [-10, -20, 0],
						"2.0": [-9.56707, -19.838, -2.60882]
					},
					"position": {
						"0.0": [0, -1, 0],
						"1.625": [0, -1, 0]
					},
					"scale": 1
				},
				"bone6": {
					"rotation": {
						"0.0": [10, 0, 0],
						"1.625": [10, 0, 0]
					},
					"position": {
						"0.0": [0, 0.4, -0.05],
						"1.625": [0, 0.4, -0.05]
					}
				},
				"bone8": {
					"position": {
						"0.0": [-0.3, -0.7, 0.68],
						"0.25": [-0.3, -0.7, 0.68],
						"0.625": [0, 0, -0.1]
					},
					"scale": {
						"0.0": [1.2, 1.2, 1.2],
						"0.25": [1.2, 1.2, 1.2],
						"0.625": [1, 1, 1],
						"2.75": [1, 1, 1],
						"3.0": [0.9, 0.9, 0.9]
					}
				},
				"bone12": {
					"scale": {
						"0.0": [0.9, 0.9, 0.9],
						"2.75": [1, 1, 1]
					}
				},
				"bone13": {
					"scale": {
						"0.0": [0.9, 0.9, 0.9],
						"2.75": [1, 1, 1]
					}
				},
				"bone9": {
					"position": {
						"0.0": [0.3, -0.7, 0.68],
						"0.25": [0.3, -0.7, 0.68],
						"0.625": [0, 0, -0.1]
					},
					"scale": {
						"0.0": [1.2, 1.2, 1.2],
						"0.25": [1.2, 1.2, 1.2],
						"0.625": [1, 1, 1],
						"2.75": [1, 1, 1],
						"2.7917": [0.9, 0.9, 0.9]
					}
				},
				"bone14": {
					"position": {
						"3.25": [0, 0, 0],
						"3.5": [0, 0, -0.101]
					}
				}
			},
			"sound_effects": {},
			"particle_effects": {
				"0.0": {
					"effect": "icelizi"
				}
			}
		},
		"animation.frog.jump": {
			"loop": "hold_on_last_frame",
			"animation_length": 0.58333,
			"bones": {
				"body": {
					"rotation": {
						"0.0833": [-15.09995, -16.13443, 15.85927],
						"0.25": [0, 0, 0],
						"0.5": [30, 0, 0]
					},
					"position": {
						"0.0833": [2, -1, 2],
						"0.25": [0, 0, 0],
						"0.5": [0, -2, -6]
					}
				},
				"left_arm": {
					"rotation": {
						"0.0": [0, 0, 0],
						"0.25": [-56.14, 0, 0]
					},
					"position": {
						"0.0": [0, 0, 0],
						"0.25": [0, 1, 0]
					}
				},
				"right_arm": {
					"rotation": {
						"0.0": [0, 0, 0],
						"0.25": [-56.14, 0, 0]
					},
					"position": {
						"0.0": [0, 0, 0],
						"0.25": [0, 1, 0]
					}
				},
				"left_leg": {
					"rotation": {
						"0.0": [0, 0, 0],
						"0.25": [45, 0, 0]
					},
					"position": {
						"0.0": [0, 0, 0],
						"0.25": [0, 0, 0]
					}
				},
				"right_leg": {
					"rotation": {
						"0.0": [0, 0, 0],
						"0.25": [45, 0, 0]
					},
					"position": {
						"0.0": [0, 0, 0],
						"0.25": [0, 0, 0]
					}
				},
				"bodyArmor": {
					"rotation": {
						"0.0833": [0, 0, 0],
						"0.25": [0, 0, 0]
					}
				},
				"rightArm": {
					"rotation": {
						"0.0": [0, 0, 0],
						"0.0833": [0, 0, 20],
						"0.25": [0, 0, 0],
						"0.5": [-32.68963, 11.85864, 33.91413]
					}
				},
				"leftArm": {
					"rotation": {
						"0.0": [0, 0, 0],
						"0.25": [-145, -30, 35],
						"0.5": [-42.51005, -16.12207, 46.86594]
					},
					"position": {
						"0.25": [0, 0, 0],
						"0.5": [0, 0, -1]
					}
				},
				"leftitem": {
					"scale": 0
				},
				"rightLeg": {
					"rotation": {
						"0.0833": [0, 0, 0],
						"0.25": [-15, 20, 0],
						"0.5": [-42.5, 20, 0]
					}
				},
				"bone4": {
					"rotation": {
						"0.0833": [0, 0, 0],
						"0.25": [15, 0, 0]
					},
					"position": {
						"0.0833": [0, 0, 0],
						"0.25": [0, 0.5, 0]
					}
				},
				"leftLeg": {
					"rotation": {
						"0.0833": [0, 0, 0],
						"0.25": [-15, -37.5, 0],
						"0.5": [30.38034, -51.94545, -41.89198]
					}
				},
				"bone6": {
					"rotation": {
						"0.0833": [0, 0, 0],
						"0.25": [15, 0, 0]
					},
					"position": {
						"0.0833": [0, 0, 0],
						"0.25": [0, 0.5, 0]
					}
				},
				"bone15": {
					"rotation": {
						"0.0": [0, 0, 0],
						"0.25": [0, 0, 0],
						"0.3333": [37.5, 0, 0],
						"0.4167": [64.88565, -9.91358, 1.31845]
					},
					"position": {
						"0.25": [0, 0, 0],
						"0.3333": [-1, 4, 4],
						"0.4167": [-3, 9, 6],
						"0.5": [-5, 13, 6]
					}
				},
				"bone16": {
					"rotation": {
						"0.0": [0, 90, -45],
						"0.25": [-147.7439, 60.72188, -14.82042]
					},
					"position": {
						"0.0": [12, -13, 0],
						"0.0833": [11.33, -10.67, -9.33],
						"0.1667": [15.17, -5.34, -12.66],
						"0.25": [19, 0, -10]
					}
				},
				"bone17": {
					"rotation": {
						"0.0": [0, 0, 0],
						"0.0833": [72.5, 0, 0],
						"0.1667": [117.5, 0, 0],
						"0.25": [167.5, 0, 0],
						"0.3333": [185, 0, 0]
					},
					"position": {
						"0.0": [0, 0, 0],