{
	"format_version": "1.8.0",
	"animations": {
		"animation.stevefn.dj": {
			"loop": true,
			"animation_length": 4,
			"start_delay": "0",
			"loop_delay": "0",
			"bones": {
				"head": {
					"position": [0, 0, 0]
				},
				"leftarm": {
					"rotation": {
						"0.0": [0, 0, -5],
						"1.0": [0, 0, -7.5],
						"2.0": [0, 0, -5],
						"3.0": [0, 0, -7.5],
						"4.0": [0, 0, -5]
					}
				},
				"rightarm": {
					"rotation": {
						"0.0": [-193, 50.5, -75],
						"1.0": [-195.50959, 57.65993, -77.20545],
						"2.0": [-196.65611, 60.06223, -78.54467],
						"3.0": [-195.50959, 57.65993, -77.20545],
						"4.0": [-193, 50, -75]
					},
					"position": {
						"0.0": [0, 0, 0],
						"1.0": [0, 0, 0]
					}
				},
				"leftleg": {
					"rotation": [-5, 0, -5]
				},
				"bone10": {
					"rotation": [5, 0, 0],
					"position": [0, 0.2, 0]
				},
				"rightleg": {
					"rotation": [-5, 0, 5]
				},
				"bone9": {
					"rotation": [5, 0, 0],
					"position": [0, 0.2, 0]
				},
				"bone": {
					"position": {
						"0.0": [0, 0, 0],
						"1.0": [0, -5, 0],
						"1.875": [0, 0, 0]
					},
					"scale": {
						"0.0": [1, 1, 1],
						"1.0": [1, 2, 1],
						"1.875": [1, 1, 1]
					}
				},
				"body": {
					"rotation": {
						"0.0": [0, 0, 0],
						"1.0": [2.5, 0, 0],
						"1.875": [0, 0, 0],
						"2.0": [0, 0, 0],
						"3.0": [2.5, 0, 0],
						"4.0": [0, 0, 0]
					},
					"position": {
						"0.0": [0, 0, 0],
						"1.0": [0, 0, -0.5],
						"1.875": [0, 0, 0],
						"3.0": [0, 0, -0.5],
						"4.0": [0, 0, 0]
					}
				},
				"bone2": {
					"position": {
						"0.0": [0, 0, 0],
						"1.0": [0, -6, 0],
						"1.875": [0, 0, 0]
					},
					"scale": {
						"0.0": [1, 1, 1],
						"1.0": [1, 2, 1],
						"1.875": [1, 1, 1]
					}
				},
				"bone8": {
					"rotation": [-5, 0, 0],
					"position": [0, 0.2, 0]
				},
				"bone30": {
					"rotation": [-37.5, 0, 0],
					"position": [0, 1.225, 0.41]
				},
				"Steve": {
					"position": [0, -0.5, 0]
				}
			}
		},
		"animation.stevefn.ccdh": {
			"animation_length": 4,
			"start_delay": "0",
			"bones": {
				"head": {
					"rotation": {
						"0.0": [0, 0, 0],
						"0.5": [65, 0, 0],
						"1.25": [65, 0, 0],
						"2.5": [0, 0, 0]
					},
					"position": {
						"0.0": [0, 0, 0],
						"0.5": [0, 0, 0],
						"1.25": [0, 0, 0],
						"2.5": [0, 0, 0]
					}
				},
				"leftarm": {
					"rotation": {
						"0.0": [0, 0, -5],
						"0.5": [4.88206, -1.08089, -23.79608],
						"1.0": [-42.25148, 2.20956, -21.39861],
						"2.0": [0, 0, -5],
						"3.0": [0, 0, -7.5],
						"4.0": [0, 0, -5]
					}
				},
				"rightarm": {
					"rotation": {
						"0.0": [0, 0, 5],
						"0.5": [-93.10681, 24.19307, 56.73705],
						"1.0": [-94.57121, 16.12871, 39.49137],
						"2.0": [0, 0, 5],
						"3.0": [0, 0, 7.5],
						"4.0": [0, 0, 5]
					}
				},
				"leftleg": {
					"rotation": [-5, 0, -5]
				},
				"bone10": {
					"rotation": [5, 0, 0],
					"position": [0, 0.2, 0]
				},
				"rightleg": {
					"rotation": [-5, 0, 5]
				},
				"bone9": {
					"rotation": [5, 0, 0],
					"position": [0, 0.2, 0]
				},
				"bone": {
					"position": {
						"0.0": [0, 0, 0],
						"1.0": [0, -5, 0],
						"1.875": [0, 0, 0]
					},
					"scale": {
						"0.0": [1, 1, 1],
						"1.0": [1, 2, 1],
						"1.875": [1, 1, 1]
					}
				},
				"body": {
					"rotation": {
						"0.0": [0, 0, 0],
						"1.0": [42.5, 0, 0],
						"1.875": [0, 0, 0],
						"2.0": [0, 0, 0],
						"3.0": [2.5, 0, 0],
						"4.0": [0, 0, 0]
					},
					"position": {
						"0.0": [0, 0, 0],
						"1.0": [0, -4.5, -7.6],
						"1.875": [0, 0, 0],
						"3.0": [0, 0, -0.5],
						"4.0": [0, 0, 0]
					}
				},
				"bone2": {
					"position": {
						"0.0": [0, 0, 0],
						"1.0": [0, -6, 0],
						"1.875": [0, 0, 0]
					},
					"scale": {
						"0.0": [1, 1, 1],
						"1.0": [1, 2, 1],
						"1.875": [1, 1, 1]
					}
				},
				"bone8": {
					"rotation": [-5, 0, 0],
					"position": [0, 0.2, 0]
				},
				"bone30": {
					"rotation": {
						"0.0": [-5, 0, 0],
						"0.5": [-40, 0, 0],
						"1.0": [-40, 0, 0],
						"2.0": [-5, 0, 0]
					},
					"position": {
						"0.0": [0, 0.2, 0],
						"0.5": [0, 1.28, 0.47],
						"1.0": [0, 1.28, 0.47],
						"2.0": [0, 0.2, 0]
					}
				},
				"Steve": {
					"position": [0, -0.5, 0]
				},
				"bone5": {
					"rotation": {
						"1.0": [0, 0, 0],
						"2.0": [0, 0, 7.5]
					},
					"position": {
						"1.0": [0, 0, 0],
						"2.0": [-0.54, -0.4, 0]
					}
				},
				"bone6": {
					"rotation": {
						"1.0": [0, 0, 0],
						"2.0": [0, 0, -7.5]
					},
					"position": {
						"1.0": [0, 0, 0],
						"2.0": [0.54, -0.4, 0]
					}
				},
				"bone3": {
					"position": {
						"1.0": [0, 0, 0],
						"2.0": [1, 2, 0]
					},
					"scale": {
						"1.0": [1, 1, 1],
						"2.0": [0.5, 0.5, 1]
					}
				},
				"bone4": {
					"rotation": [0, 0, 0],
					"position": {
						"1.0": [0, 0, 0],
						"2.0": [1, 2, 0]
					},
					"scale": {
						"1.0": [1, 1, 1],
						"2.0": [0.5, 0.5, 1]
					}
				},
				"bone7": {
					"rotation": [0, 0, 0],
					"position": {
						"1.0": [0, 0, 0],
						"2.0": [0, -2.5, 0],
						"3.0": [0, 0, 0]
					},
					"scale": {
						"1.0": [1, 1, 1],
						"2.0": [1, 1.5, 1],
						"3.0": [1, 1, 1]
					}
				},
				"bone11": {
					"position": {
						"1.0": [0, 0, 0],
						"2.0": [0, -2.5, 0],
						"3.0": [0, 0, 0]
					},
					"scale": {
						"1.0": [1, 1, 1],
						"2.0": [1, 1.5, 1],
						"3.0": [1, 1, 1]
					}
				}
			},
			"sound_effects": {
				"0.125": {
					"effect": "x"
				}
			}
		},
		"animation.stevefn.attack": {
			"animation_length": 1,
			"bones": {
				"body": {
					"rotation": {
						"0.0": [0, 0, 0],
						"0.25": [5.76, -9.78, -1.41],
						"0.4167": [9.32332, -8.89595, -1.07969],
						"0.5417": [9.228, 3.44608, 0.93576],
						"0.75": [0, 0, 0]
					},
					"position": {
						"0.0": [0, 0, 0],
						"0.25": [0, 0, -1.2],
						"0.4167": [0, 0, -2],
						"0.5417": [0, 0, -2],
						"0.75": [0, 0, 0]
					}
				},
				"rightarm": {
					"rotation": {
						"0.0": [15, 0, 10],
						"0.1667": [-110.08672, -9.11044, 64.92136],
						"0.375": [-0.38617, -0.55858, 57.81797],
						"0.5833": [34.98581, -6.24898, 41.25677],
						"1.0": [15, 0, 10]
					}
				},
				"leftarm": {
					"rotation": {
						"0.0": [-15, 0, -10],
						"0.375": [28.06431, 7.43547, -39.14743],
						"1.0": [-15, 0, -10]
					}
				},
				"bone30": {
					"rotation": {
						"0.0": [-10, 0, 0],
						"0.5": [-15, 0, 0],
						"1.0": [-10, 0, 0]
					},
					"position": {
						"0.0": [0, 0.35, 0.03],
						"0.5": [0, 0.55, 0.07],
						"1.0": [0, 0.35, 0.03]
					}
				},
				"Steve": {
					"rotation": {
						"0.0": [0, -2.5, 0],
						"0.5": [0, 2.5, 0],
						"1.0": [0, -2.5, 0]
					},
					"position": {
						"0.0": [0, -1.5, 0],
						"0.25": [0, -1.5, -2],
						"0.5": [0, -1.5, -1],
						"0.75": [0, -0.5, -2],
						"1.0": [0, -1.5, -2]
					}
				},
				"bone8": {
					"rotation": {
						"0.0": [-15, 0, 0],
						"0.5": [-10, 0, 0],
						"1.0": [-15, 0, 0]
					},
					"position": {
						"0.0": [0, 0.53, 0.07],
						"0.5": [0, 0.35, 0.03],
						"1.0": [0, 0.53, 0.07]
					}
				},
				"rightleg": {
					"rotation": {
						"0.0": [-25, 0, 0],
						"0.25": [25, 0, 0],
						"1.0": [-25, 0, 0]
					}
				},
				"bone9": {
					"rotation": {
						"0.0": [25, 0, 0],
						"0.25": [0, 0, 0],
						"0.5": [25, 0, 0]
					},
					"position": {
						"0.0": [0, 0.85, -0.18],
						"0.25": [0, 0, 0],
						"0.5": [0, 0.85, -0.18]
					}
				},
				"leftleg": {
					"rotation": {
						"0.0": [25, 0, 0],
						"0.25": [-25, 0, 0],
						"1.0": [25, 0, 0]
					}
				},
				"bone10": {
					"rotation": {
						"0.0": [0, 0, 0],
						"0.25": [25, 0, 0],
						"0.5": [0, 0, 0]
					},
					"position": {
						"0.0": [0, 0, 0],
						"0.25": [0, 0.85, -0.18],
						"0.5": [0, 0, 0]
					}
				},