{
	"format_version": "1.8.0",
	"animations": {
		"animation.steve.attack": {
			"animation_length": 0.79167,
			"bones": {
				"body": {
					"rotation": {
						"0.0": [0, 0, 0],
						"0.1667": [0.66963, 14.98539, 2.58807],
						"0.375": [0, 0, 0],
						"0.4583": [7.52832, -4.95712, -0.65426]
					},
					"position": {
						"0.0": [0, 0, 0],
						"0.1667": [1, 0, 0],
						"0.375": [0, 0, 0],
						"0.4583": [0, 0, -1]
					}
				},
				"rightArm": {
					"rotation": {
						"0.0": [0, 0, 0],
						"0.2083": [-176.45871, 55.92669, -49.53915],
						"0.5": [-50.5617, 16.8492, -95.65462]
					},
					"position": [0, 0, 0]
				},
				"leftArm": {
					"rotation": {
						"0.0": [0, 0, 0],
						"0.1667": [-82, 25, -66.5],
						"0.2083": [-81.08671, 27.0813, -68.16748],
						"0.25": [-81.82664, 27.47515, -66.10796],
						"0.2917": [-82, 25, -66.5],
						"0.5": [29.94, 41.57, -40.44]
					}
				},
				"rightLeg": {
					"rotation": {
						"0.0": [-15, 0, 0],
						"0.1667": [-25, 0, 0],
						"0.3333": [-20, 0, 0]
					},
					"position": [0, 0, 0]
				},
				"bone4": {
					"rotation": [20, 0, 0]
				},
				"leftLeg": {
					"rotation": {
						"0.0": [-5, 0, 0],
						"0.2083": [5, 0, 0],
						"0.3333": [0, 0, 0]
					}
				},
				"bone6": {
					"rotation": [25, 0, 0]
				}
			}
		},
		"animation.steve.move": {
			"loop": true,
			"animation_length": 1,
			"bones": {
				"body": {
					"rotation": {
						"0.0": [27.5, 2, 1],
						"0.25": [27.5, 2, -1],
						"0.5": [27.5, 2, 1],
						"0.75": [27.5, 2, -1],
						"1.0": [27.5, 2, 1]
					},
					"position": [0, -4, -5]
				},
				"head": {
					"rotation": [-17.5, 0, 0]
				},
				"rightArm": {
					"rotation": {
						"0.0": [55, 0, 10],
						"0.25": [-70, 0, 10],
						"0.5": [55, 0, 10],
						"0.75": [-70, 0, 10],
						"1.0": [55, 0, 10]
					}
				},
				"bone5": {
					"rotation": {
						"0.0": [0, 0, 0],
						"0.25": [-20, 0, 0],
						"0.5": [0, 0, 0],
						"0.75": [-20, 0, 0],
						"1.0": [0, 0, 0]
					},
					"position": {
						"0.0": [0, 0, 0],
						"0.25": [0, 0.5, -0.6],
						"0.5": [0, 0, 0],
						"0.75": [0, 0.3, -0.35],
						"1.0": [0, 0, 0]
					}
				},
				"leftArm": {
					"rotation": {
						"0.0": [-55, 0, -10],
						"0.25": [55, 0, -10],
						"0.5": [-55, 0, -10],
						"0.75": [40, 0, -10],
						"1.0": [-55, 0, -10]
					}
				},
				"bone3": {
					"rotation": {
						"0.0": [-20, 0, 0],
						"0.25": [0, 0, 0],
						"0.5": [-20, 0, 0],
						"0.75": [0, 0, 0],
						"1.0": [-20, 0, 0]
					},
					"position": {
						"0.0": [0, 0.4, 0],
						"0.25": [0, 0, 0],
						"0.5": [0, 0.4, 0],
						"0.75": [0, 0, 0],
						"1.0": [0, 0.4, 0]
					}
				},
				"rightLeg": {
					"rotation": {
						"0.0": [-40, 0, 0],
						"0.25": [40, 0, 0],
						"0.5": [-40, 0, 0],
						"0.75": [40, 0, 0],
						"1.0": [-40, 0, 0]
					},
					"position": {
						"0.0": [0, -3, 0],
						"0.5": [0, -3, 0]
					}
				},
				"bone4": {
					"rotation": {
						"0.0": [40, 0, 0],
						"0.25": [0, 0, 0],
						"0.5": [40, 0, 0],
						"0.75": [0, 0, 0],
						"1.0": [40, 0, 0]
					},
					"position": {
						"0.0": [0, 1.3, -0.5],
						"0.25": [0, 0, 0],
						"0.5": [0, 1.3, -0.5],
						"0.75": [0, 0, 0],
						"1.0": [0, 1.3, -0.5]
					}
				},
				"leftLeg": {
					"rotation": {
						"0.0": [40, 0, 0],
						"0.25": [-40, 0, 0],
						"0.5": [40, 0, 0],
						"0.75": [-40, 0, 0],
						"1.0": [40, 0, 0]
					},
					"position": {
						"0.0": [0, -3, 0],
						"0.25": [0, -3, 0],
						"0.5": [0, -3, 0],
						"0.75": [0, -3, 0],
						"1.0": [0, -3, 0]
					}
				},
				"bone6": {
					"rotation": {
						"0.0": [0, 0, 0],
						"0.25": [40, 0, 0],
						"0.5": [0, 0, 0],
						"0.75": [0, 0, 0],
						"1.0": [0, 0, 0]
					},
					"position": {
						"0.0": [0, 0, 0],
						"0.25": [0, 1.3, -0.5],
						"0.5": [0, 0, 0],
						"0.75": [0, 1.3, -0.5],
						"1.0": [0, 0, 0]
					}
				}
			}
		}
	}
}