{
	"format_version": "1.8.0",
	"animations": {
		"animation.zszjkl.attack": {
			"animation_length": 1.5,
			"bones": {
				"arm0": {
					"rotation": {
						"0.0": [0, 0, 0],
						"0.375": [-201.87793, 57.69027, -90.80738],
						"0.5": [-201.88, 57.69, -90.81],
						"0.6667": [-197.53, 35.7, -67.02],
						"0.875": [-72.91595, -19.27789, -7.5594],
						"0.9167": [-70.41595, -19.27789, -7.5594],
						"0.9583": [-70.68805, -16.92048, -6.68375],
						"1.0": [-73.18805, -16.92048, -6.68375],
						"1.125": [-73.19, -16.92, -6.68],
						"1.25": [-197.5, 36, -67.68],
						"1.2917": [-201.88, 57.69, -90.81],
						"1.375": [-201.8779, 57.69, -90.81]
					},
					"position": {
						"0.0": [0, 0, 0],
						"0.375": [0, 0, 0]
					},
					"scale": [1, 1, 1]
				},
				"arm2": {
					"rotation": {
						"0.25": [0, 0, 0],
						"0.375": [-45, 0, 0],
						"0.5": [-45, 0, 0],
						"0.6667": [0, 0, 0],
						"1.125": [0, 0, 0],
						"1.375": [-45, 0, 0]
					}
				},
				"arm4": {
					"rotation": {
						"0.375": [0, 0, 0],
						"0.5417": [-60, 0, 0],
						"0.6667": [0, 0, 0],
						"1.125": [0, 0, 0],
						"1.375": [-60, 0, 0]
					}
				},
				"arm6": {
					"rotation": {
						"0.25": [0, 0, 0],
						"0.2917": [-8.33, 0, 0],
						"0.375": [-25, 0, 0],
						"0.5": [-25, 0, 0],
						"0.6667": [0, 0, 0],
						"1.125": [0, 0, 0],
						"1.375": [-25, 0, 0]
					}
				},
				"leg0": {
					"rotation": {
						"0.0": [-45, 0, 0],
						"0.5": [-45, 3, -3],
						"0.625": [-45, 0, 0]
					},
					"position": [0, -2, 0]
				},
				"bone": {
					"rotation": [45, 0, 0]
				},
				"leg1": {
					"rotation": {
						"0.0": [30, 0, 0],
						"0.5": [32.47638, 1.2497, -2.16541],
						"0.6667": [30, 0, 0]
					},
					"position": [0, -2, 0]
				},
				"bone2": {
					"rotation": [15, 0, 0]
				},
				"body": {
					"rotation": {
						"0.0": [0, 0, 0],
						"0.25": [-2.5, 5, 0],
						"0.5417": [-2.5, 5, 0],
						"0.75": [35.93866, -12.2403, -8.73739],
						"1.125": [35.94, -12.24, -8.74],
						"1.375": [20.02697, -2.04754, -1.43693]
					},
					"position": [0, -2, 0]
				},
				"bone5": {
					"rotation": {
						"0.5833": [0, 0, 0],
						"0.75": [-35, 15, 0],
						"1.125": [-35, 15, 0],
						"1.375": [-20.27264, 6.44637, -3.11949]
					},
					"position": {
						"0.5833": [0, 0, 0],
						"0.75": [-2, 2, -9],
						"1.125": [-2, 2, -9],
						"1.375": [1, 0, -6]
					}
				},
				"head": {
					"position": {
						"0.5": [0, 0, 0],
						"0.7917": [0, 4, 0],
						"0.9583": [0, 0, 0]
					}
				},
				"arm1": {
					"rotation": {
						"0.2917": [0, 0, 0],
						"0.375": [-40, 0, 0],
						"0.5": [-40, 0, 0],
						"0.875": [0, 0, 0],
						"1.125": [0, 0, 0],
						"1.375": [-37.5, 0, 0]
					},
					"position": {
						"0.5": [0, 0, 0],
						"0.875": [0, 0, 0]
					}
				},
				"arm3": {
					"rotation": {
						"0.2917": [0, 0, 0],
						"0.375": [2.5, 0, 0],
						"0.5": [-47.5, 0, 0],
						"0.875": [0, 0, 0],
						"1.125": [0, 0, 0],
						"1.375": [-55, 0, 0]
					}
				},
				"arm5": {
					"rotation": {
						"0.2917": [0, 0, 0],
						"0.375": [-22.5, 0, 0],
						"0.5": [-22.5, 0, 0],
						"0.875": [-2.5, 0, 0]
					}
				},
				"arm7": {
					"rotation": {
						"0.0": [0, 0, 0],
						"0.4167": [25, -25, -16],
						"0.5": [25, -25, -16],
						"0.7083": [29.53656, -19.25053, -27.99221],
						"0.875": [29.54, -19.25, -27.99]
					},
					"position": {
						"0.0": [0, 0, 0],
						"0.5": [0, 0, 0],
						"0.7083": [0, 0, 0],
						"0.875": [0, 0, 0]
					},
					"scale": {
						"0.0": [1, 1, 1],
						"0.875": [1, 1, 1]
					}
				},
				"arm9": {
					"rotation": {
						"0.0": [0, 0, 0],
						"0.4167": [-10, 0, 0]
					},
					"position": [0, 0, 0]
				},
				"arm11": {
					"rotation": {
						"0.0": [0, 0, 0],
						"0.4167": [-10, 0, 0]
					},
					"position": {
						"0.0": [0, 0, 0],
						"0.4167": [0, 0, 0]
					},
					"scale": [1, 1, 1]
				},
				"arm13": {
					"rotation": {
						"0.0": [0, 0, 0],
						"0.4167": [-10, 0, 0],
						"0.5": [-10, 0, 0]
					},
					"position": {
						"0.0": [0, 0, 0],
						"0.4167": [0, 0, 0],
						"0.5": [0, 0, 0]
					}
				},
				"jf": {
					"rotation": {
						"0.5": [0, 0, 0],
						"0.625": [0, 0, -10],
						"0.7083": [85, 3, -145],
						"0.75": [84.67077, 20.43012, -146.60262],
						"0.7917": [139.39, 35.82, -80.78],
						"0.875": [248.82654, 66.602, 50.8739],
						"1.125": [248.83, 66.6, 50.87],
						"1.375": [0, 0, 0]
					},
					"position": {
						"0.5": [0, 0, 0],
						"0.625": [-15, 5, 4],
						"0.7083": [-22.67, 3.67, -7.67],
						"0.75": [-19, 4.5, -19.5],
						"0.7917": [-10.33, 2.33, -27.67],
						"0.8333": [-1.66, -4.84, -31.33],
						"0.875": [7, -14, -29],
						"1.125": [7, -14, -29],
						"1.1667": [-7.83, 4.17, -25.83],
						"1.2083": [-19.86, 8.14, -6.26],
						"1.25": [-10.39, 5.85, 8.81],
						"1.2917": [-10.26, 8.57, 6.54],
						"1.3333": [-4.13, 7.79, 5.27],
						"1.375": [2, -1, 2]
					},
					"scale": [1, 1, 1]
				}
			}
		}
	}
}