{
	"format_version": "1.8.0",
	"animations": {
		"animation.polarbear.attack": {
			"animation_length": 0.5,
			"bones": {
				"body": {
					"rotation": {
						"0.0": [0, 0, 0],
						"0.25": [-65, 0, 0],
						"0.4583": [0, 0, 0]
					},
					"position": {
						"0.0": [0, 0, 0],
						"0.25": [0, -4, 0]
					}
				},
				"head": {
					"rotation": {
						"0.0": [0, 0, 0],
						"0.25": [30, 0, 0],
						"0.4583": [0, 0, 0]
					}
				},
				"leg0": {
					"rotation": {
						"0.0": [0, 0, 0],
						"0.25": [60, 0, 0],
						"0.4583": [0, 0, 0]
					}
				},
				"leg1": {
					"rotation": {
						"0.0": [0, 0, 0],
						"0.25": [60, 0, 0],
						"0.4583": [0, 0, 0]
					}
				},
				"leg2": {
					"rotation": {
						"0.0": [0, 0, 0],
						"0.1667": [-114.13592, 58.6948, -38.21974],
						"0.2917": [-42.65315, 46.36394, -88.65893],
						"0.4583": [0, 0, 0]
					}
				},
				"leg3": {
					"rotation": {
						"0.0": [0, 0, 0],
						"0.1667": [32.5, 0, -42.5],
						"0.2917": [23.39447, -11.67835, -8.92593],
						"0.4583": [0, 0, 0]
					}
				}
			}
		}
	}
}