{
	"format_version": "1.8.0",
	"animations": {
		"animation.zjkl.zb": {
			"loop": "hold_on_last_frame",
			"animation_length": 1.5,
			"bones": {
				"waist": {
					"position": {
						"0.0": [0, 0, 0],
						"0.2917": [0, 1, 0],
						"1.0": [0, 0, 0]
					}
				},
				"leg0": {
					"rotation": {
						"0.0": [0, 0, 0],
						"0.2917": [-24.79, 0, 0],
						"0.8333": [-83.33, 0, 0],
						"1.0": [-85, 0, 0]
					},
					"position": {
						"0.0": [0, 0, 0],
						"1.0": [0, -9, 8]
					}
				},
				"bone": {
					"rotation": {
						"0.0": [2.5, 0, 0],
						"0.2917": [25, 0, 0]
					},
					"position": [0, 0, 0]
				},
				"leg1": {
					"rotation": {
						"0.0": [0, 0, 0],
						"0.2917": [-25, 0, 0],
						"0.8333": [-90.8254, -22.8465, 33.32681],
						"1.0": [-101.46399, -29.87619, 43.58121]
					},
					"position": {
						"0.0": [0, 0, 0],
						"1.0": [0, -8, 8]
					}
				},
				"bone2": {
					"rotation": {
						"0.0": [0, 0, 0],
						"0.2917": [25, 0, 0]
					}
				},
				"body": {
					"rotation": {
						"0.0": [0, 0, 0],
						"1.0": [-90, 0, 0]
					},
					"position": {
						"0.0": [0, 0, 0],
						"1.0": [0, -11, 11]
					}
				},
				"head": {
					"rotation": {
						"0.0": [0, 0, 0],
						"1.0": [0, -22.5, 0]
					},
					"position": {
						"0.0": [0, 0, 0],
						"1.0": [0, 4, 0]
					}
				},
				"arm7": {
					"rotation": {
						"0.0": [0, 0, 0],
						"0.4167": [-138.35622, -32.50318, 16.05084],
						"1.0": [-92.05494, -78.00762, 38.522]
					}
				},
				"arm9": {
					"rotation": {
						"0.0": [0, 0, 0],
						"1.0": [-10, 0, 0]
					}
				},
				"arm11": {
					"rotation": {
						"0.0": [0, 0, 0],
						"1.0": [-10, 0, 0]
					}
				},
				"arm13": {
					"rotation": {
						"0.0": [0, 0, 0],
						"1.0": [-10, 0, 0]
					}
				},
				"arm0": {
					"rotation": {
						"0.0": [0, 0, 0],
						"0.4167": [-142.30222, 21.2842, -25.15933],
						"1.0": [-145.04953, 76.17628, -13.04391]
					},
					"position": [0, 0, 0]
				},
				"arm2": {
					"rotation": {
						"0.0": [0, 0, 0],
						"1.0": [-10, 0, 0]
					}
				},
				"arm4": {
					"rotation": {
						"0.0": [0, 0, 0],
						"1.0": [-10, 0, 0]
					},
					"position": [0, 0, 0]
				},
				"arm6": {
					"rotation": {
						"0.0": [0, 0, 0],
						"1.0": [-10, 0, 0]
					}
				}
			}
		}
	}
}