{
	"format_version": "1.8.0",
	"animations": {
		"animation.hys": {
			"animation_length": 1,
			"override_previous_animation": true,
			"bones": {
				"body": {
					"rotation": {
						"0.25": [0, 0, 0],
						"0.4583": [35, 0, 0]
					},
					"position": {
						"0.25": [0, 0, 0],
						"0.4583": [0, -2, -7]
					}
				},
				"leftarm": {
					"rotation": {
						"0.0": [0, 0, 0],
						"0.25": [-114.56202, 22.9824, -10.11783],
						"0.4583": [-64.56202, 22.9824, -10.11783]
					},
					"position": {
						"0.25": [0, 0, 0],
						"0.4583": [0, -3, -4]
					}
				},
				"rightarm": {
					"rotation": {
						"0.0": [0, 0, 0],
						"0.25": [-125.17674, -29.78401, 19.29534],
						"0.4583": [-80.17674, -29.78401, 19.29534]
					},
					"position": {
						"0.0": [0, 0, 0],
						"0.25": [-1, 0, -2],
						"0.4583": [1, -2, -6]
					}
				},
				"rightitem": {
					"rotation": {
						"0.0": [0, 0, 0],
						"0.25": [180, 0, 0],
						"0.4583": [173.19738, 23.37095, 24.53822]
					},
					"position": {
						"0.0": [0, 0, 0],
						"0.25": [0, 0, 0],
						"0.4583": [2, -2, 0]
					}
				},
				"leftleg": {
					"rotation": {
						"0.0": [0, 0, 0],
						"0.25": [17.5, 0, 0],
						"0.5": [17.25002, 2.99318, -9.54589]
					}
				},
				"rightleg": {
					"rotation": {
						"0.0": [0, 0, 0],
						"0.25": [0, 0, -2.5],
						"0.5": [10, 0, 2.5]
					}
				}
			}
		}
	}
}