{
	"format_version": "1.8.0",
	"animations": {
		"animation.lys": {
			"animation_length": 1,
			"override_previous_animation": true,
			"bones": {
				"body": {
					"rotation": {
						"0.25": [0, 0, 0],
						"0.4583": [34.61432, 41.92831, 24.75948]
					},
					"position": {
						"0.25": [0, 0, 0],
						"0.4583": [0, -1.5, -5]
					}
				},
				"leftArm": {
					"rotation": {
						"0.0": [0, 0, 0],
						"0.25": [-114.56202, 22.9824, -10.11783],
						"0.4583": [-51.65667, 64.8194, 45.67096]
					},
					"position": {
						"0.25": [0, 0, 0],
						"0.4583": [-1, -2, -1]
					}
				},
				"rightArm": {
					"rotation": {
						"0.0": [0, 0, 0],
						"0.25": [-125.17674, -29.78401, 19.29534],
						"0.4583": [-60.63199, 43.23319, 27.40095]
					},
					"position": {
						"0.0": [0, 0, 0],
						"0.25": [-1, 0, -2],
						"0.4583": [0, 0, -2]
					}
				},
				"rightitem": {
					"rotation": {
						"0.0": [0, 0, 0],
						"0.25": [17.8634, -54.31042, 25.06615],
						"0.4583": [0, -80, 0]
					},
					"position": {
						"0.0": [0, 0, 0],
						"0.25": [0, -3, 1],
						"0.4583": [2, -2, 0]
					}
				},
				"leftLeg": {
					"rotation": {
						"0.0": [0, 0, 0],
						"0.25": [17.5, 0, 0],
						"0.5": [17.25002, 2.99318, -9.54589]
					}
				},
				"rightLeg": {
					"rotation": {
						"0.0": [0, 0, 0],
						"0.25": [0, 0, -2.5],
						"0.4583": [-7.15473, 14.76689, 5.16399]
					}
				}
			}
		}
	}
}