{
	"format_version": "1.8.0",
	"animations": {
		"animation.player.wsdgd": {
			"animation_length": 0.54167,
			"bones": {
				"body": {
					"rotation": [12.5, 0, 0],
					"position": [0, -2, -4]
				},
				"rightarm": {
					"rotation": {
						"0.0": [-4.8878, -3.07299, 7.9922],
						"0.2083": [-61.84464, 22.18668, 94.03168],
						"0.25": [-72.11151, 33.94647, 98.81148]
					},
					"position": [0, 0, 0]
				},
				"leftarm": {
					"rotation": {
						"0.0": [0.67957, 0.52468, -3.15632],
						"0.125": [-29.32043, 0.52468, -3.15632]
					},
					"position": [1, 0, 0]
				},
				"rightleg": {
					"rotation": {
						"0.0": [-10, 0, 0],
						"0.1667": [0, 0, 0],
						"0.2083": [5, 0, 0]
					},
					"position": [0, 0, 0.3]
				},
				"leftleg": {
					"rotation": {
						"0.0": [-10, 0, 0],
						"0.125": [-22.5, 0, 0],
						"0.25": [-30, 0, 0]
					}
				},
				"head": {
					"rotation": {
						"0.0": [-7.5, 0, 0],
						"0.1667": [-20, 0, 0]
					}
				}
			}
		}
	}
}