{
	"format_version": "1.8.0",
	"animations": {
		"animation.wsdhk2": {
			"animation_length": 0.54167,
			"bones": {
				"body": {
					"rotation": [25, 0, 0],
					"position": [0, -2, -4]
				},
				"rightarm": {
					"rotation": {
						"0.0": [-131.94949, -1.93238, 60.28075],
						"0.1667": [-44.12979, -18.09786, 44.3287],
						"0.2083": [-29.12979, -18.09786, 44.3287]
					},
					"position": [0, 0, 0]
				},
				"leftarm": {
					"rotation": {
						"0.0": [-106.45141, 27.85298, 43.1181],
						"0.1667": [-59.59539, 15.10388, 34.59821],
						"0.2083": [-42.09539, 15.10388, 34.59821]
					},
					"position": [0, 0, 0]
				},
				"rightleg": {
					"rotation": {
						"0.0": [-12.5, 0, 0],
						"0.25": [7.5, 0, 0]
					},
					"position": [0, 0, -0.7]
				},
				"leftleg": {
					"rotation": {
						"0.0": [-25, 0, 0],
						"0.2083": [-37.5, 0, 0]
					}
				},
				"head": {
					"rotation": [-22.5, 0, 0]
				}
			}
		}
	}
}