{
	"format_version": "1.8.0",
	"animations": {
		"animation.dcjdjn": {
			"animation_length": 0.5,
			"override_previous_animation": true,
			"bones": {
				"body": {
					"rotation": {
						"0.0": [0, 0, 0],
						"0.2917": [0, 30, 0]
					},
					"position": [0, 0, 0]
				},
				"head": {
					"rotation": {
						"0.0": [0, 0, 0],
						"0.2917": [0, -27.5, 0]
					},
					"position": [0, 0, 0]
				},
				"leftarm": {
					"rotation": {
						"0.0": [-7.5, 0, 0],
						"0.2917": [35, 0, 0]
					},
					"position": [0, 0, 0]
				},
				"rightarm": {
					"rotation": {
						"0.0": [-239.00378, 55.44688, -85.7794],
						"0.0417": [-197.24545, 34.89348, -60.25091],
						"0.0833": [-163.18346, 15.42543, -48.67204],
						"0.125": [-131.14096, 16.93429, -42.48073],
						"0.1667": [-108.83762, 4.39281, -59.96424],
						"0.25": [-52.1025, -4.58157, -42.85316],
						"0.2917": [-22.16557, -19.15198, -35.59408]
					},
					"position": {
						"0.0": [0, 0, 0],
						"0.25": [0.71, 0, -2.57],
						"0.2917": [1, 0, -2]
					}
				},
				"leftleg": {
					"rotation": {
						"0.0": [2.5, 0, 0],
						"0.2917": [-10, -25, 0]
					},
					"position": {
						"0.0": [0, 0, 0],
						"0.2917": [0, 0, 0]
					}
				},
				"rightleg": {
					"rotation": {
						"0.0": [-2.5, 0, 0],
						"0.2917": [5.90663, 37.8644, 11.7028]
					},
					"position": [0, 0, 0]
				}
			}
		}
	}
}