{
	"format_version": "1.8.0",
	"animations": {
		"animation.alice": {
			"animation_length": 0.5,
			"bones": {
				"body": {
					"rotation": {
						"0.0": [0, 0, 0],
						"0.25": [0, -32.5, 0]
					},
					"position": {
						"0.0": [0, 0, 0],
						"0.25": [0, 0, 0],
						"0.3333": [0, 0, 0]
					}
				},
				"head": {
					"rotation": {
						"0.0": [0, 0, 0],
						"0.25": [0, 30, 0]
					},
					"position": [0, 0, 0]
				},
				"leftarm": {
					"rotation": {
						"0.0": [-29.02397, 16.1299, 6.88003],
						"0.25": [8.31831, -33.81699, -29.44715]
					},
					"position": {
						"0.0": [0, 0, 0],
						"0.25": [0, 0, 0]
					}
				},
				"rightarm": {
					"rotation": {
						"0.0": [-84.45076, -332.57277, -178.30797],
						"0.25": [-148.04513, -283.21205, -484.09897]
					},
					"position": {
						"0.0": [-1, 0, 0],
						"0.25": [0, 0, 0]
					}
				}
			}
		}
	}
}