{
	"format_version": "1.8.0",
	"animations": {
		"animation.wsdjhdh": {
			"animation_length": 0.5,
			"bones": {
				"body": {
					"rotation": [25, 0, 0],
					"position": [0, -2, -4]
				},
				"rightarm": {
					"rotation": {
						"0.0": [215.88909, -0.5897, 132.42294],
						"0.25": [423.47426, 16.69655, 127.08754]
					},
					"position": {
						"0.0": [1, -1, -1],
						"0.25": [1, -1, 1]
					}
				},
				"leftarm": {
					"rotation": {
						"0.0": [-38.99969, 17.40988, -1.13301],
						"0.25": [39.45258, 12.60723, -7.09937]
					},
					"position": [-1, -1, 1]
				},
				"rightleg": {
					"rotation": {
						"0.0": [-5, 0, 0],
						"0.25": [20, 0, 0]
					},
					"position": [0, 1, 0.3]
				},
				"leftleg": {
					"rotation": {
						"0.0": [-25, 0, 0],
						"0.25": [-57.5, 0, 0]
					}
				},
				"head": {
					"rotation": {
						"0.0": [-12.5, 0, 0],
						"0.25": [-32.5, 0, 0]
					}
				}
			}
		}
	}
}