{
	"format_version": "1.8.0",
	"animations": {
		"animation.dcdh": {
			"animation_length": 0.75,
			"override_previous_animation": true,
			"bones": {
				"body": {
					"rotation": {
						"0.0": [0, 0, 0],
						"0.25": [38.74538, 24.3683, 5.7632]
					},
					"position": {
						"0.0": [0, 0, 0],
						"0.25": [0, -8, 0]
					}
				},
				"head": {
					"rotation": {
						"0.0": [0, 0, 0],
						"0.25": [-15, -20, 0]
					},
					"position": {
						"0.0": [0, 0, 0],
						"0.25": [0, 0, 0]
					}
				},
				"leftarm": {
					"rotation": {
						"0.0": [-0.31607, -3.34687, 0.74676],
						"0.25": [-39.89247, 3.21154, -16.16576]
					},
					"position": {
						"0.0": [0, 0, 0],
						"0.25": [-1, -1, -3]
					}
				},
				"bone8": {
					"rotation": {
						"0.0": [0, 0, 0],
						"0.25": [-21.54514, 9.06524, 12.0012]
					},
					"position": {
						"0.0": [0, 0, 0],
						"0.25": [0, -1, 0]
					}
				},
				"rightarm": {
					"rotation": {
						"0.0": [0.96171, 0.3734, -0.04701],
						"0.25": [46.58994, 20.71501, 113.99903]
					},
					"position": {
						"0.0": [0, 0, 0],
						"0.25": [-1, -1, 0]
					}
				},
				"bone30": {
					"rotation": {
						"0.0": [-1.15162, 0.85812, 1.08335],
						"0.25": [-25.81111, 41.07611, 45.43766]
					}
				},
				"leftleg": {
					"rotation": {
						"0.0": [0, 0, 0],
						"0.25": [-108.05605, -53.20835, 25.60713]
					},
					"position": [0, 0, 0]
				},
				"bone10": {
					"rotation": {
						"0.0": [0, 0, 0],
						"0.25": [83.49762, -21.07593, 8.0634]
					},
					"position": {
						"0.0": [0, 0, 0],
						"0.25": [0, 0, -1]
					}
				},
				"rightleg": {
					"rotation": {
						"0.0": [0, 0, 0],
						"0.25": [-106.24292, 36.54802, -26.85637]
					},
					"position": {
						"0.0": [0, 0, 0],
						"0.25": [0, 0, 0]
					}
				},
				"bone9": {
					"rotation": {
						"0.0": [0, 0, 0],
						"0.25": [95, 0, 0]
					},
					"position": {
						"0.0": [0, 0, 0],
						"0.25": [0, 0, -1]
					}
				}
			}
		}
	}
}