{
	"format_version": "1.8.0",
	"animations": {
		"animation.dcdh4": {
			"loop": true,
			"animation_length": 1.5,
			"override_previous_animation": true,
			"bones": {
				"body": {
					"rotation": {
						"0.0": [0, 0, 0],
						"0.25": [38.74538, 24.3683, 5.7632]
					},
					"position": {
						"0.0": [0, 0, 0],
						"0.25": [0, -9, -2]
					}
				},
				"head": {
					"rotation": {
						"0.0": [0, 0, 0],
						"0.25": [-15, -20, 0]
					},
					"position": {
						"0.0": [0, 0, 0],
						"0.25": [0, 0, 0]
					}
				},
				"leftarm": {
					"rotation": {
						"0.0": [-0.31607, -3.34687, 0.74676],
						"0.25": [-57.39247, 3.21154, -16.16576]
					},
					"position": {
						"0.0": [0, 0, 0],
						"0.25": [-1, -1, -2]
					}
				},
				"bone8": {
					"rotation": {
						"0.0": [0, 0, 0],
						"0.25": [-14.04514, 9.06524, 12.0012]
					},
					"position": {
						"0.0": [0, 0, 0],
						"0.25": [0, -1, 0]
					}
				},
				"rightarm": {
					"rotation": {
						"0.0": [0.96171, 0.3734, -0.04701],
						"0.25": [39.08994, 20.71501, 113.99903]
					},
					"position": {
						"0.0": [0, 0, 0],
						"0.25": [-1, -1, 1]
					}
				},
				"bone30": {
					"rotation": {
						"0.0": [-1.15162, 0.85812, 1.08335],
						"0.25": [-153.97834, 45.4674, -84.37772]
					}
				},
				"leftleg": {
					"rotation": {
						"0.0": [0, 0, 0],
						"0.25": [-89.02312, -21.68221, 15.28312]
					},
					"position": {
						"0.0": [0, 0, 0],
						"0.25": [2, -6, 3]
					}
				},
				"bone10": {
					"rotation": {
						"0.0": [0, 0, 0],
						"0.25": [100.99327, 21.17469, 3.3572]
					},
					"position": {
						"0.0": [0, 0, 0],
						"0.25": [0, 0, 0]
					}
				},
				"rightleg": {
					"rotation": {
						"0.0": [0, 0, 0],
						"0.125": [-50.59296, 26.14828, -6.76163],
						"0.25": [-106.24292, 36.54802, -26.85637]
					},
					"position": {
						"0.0": [0, 0, 0],
						"0.25": [1, -7, 5]
					}
				},
				"bone9": {
					"rotation": {
						"0.0": [0, 0, 0],
						"0.25": [102.67544, -14.94159, -1.3378]
					},
					"position": {
						"0.0": [0, 0, 0],
						"0.25": [0, 0, 0]
					}
				},
				"bone": {
					"position": {
						"0.0": [0, 0, 0],
						"0.25": [0, 0, 0]
					}
				},
				"bone2": {
					"position": [0, 0, 0]
				}
			}
		}
	}
}