{
	"format_version": "1.8.0",
	"animations": {
		"animation.error_cs.bd": {
			"loop": true,
			"animation_length": 1.25,
			"bones": {
				"body": {
					"scale": [2.6, 5, 2.6]
				},
				"bone5": {
					"rotation": {
						"0.0": [0, 0, 0],
						"0.5": [0, 0, 7.5],
						"0.75": [0, -45, 7.5],
						"1.25": [0, 0, 0]
					},
					"position": {
						"0.0": [0, 0, 0],
						"0.5": [0, 0, 0],
						"1.25": [0, 0, 0]
					}
				},
				"bone6": {
					"rotation": {
						"0.0": [0, 0, -12.5],
						"0.5": [0, 0, 22.5],
						"0.75": [0, -50, -7.5],
						"1.25": [0, 0, -12.5]
					},
					"position": {
						"0.0": [1, 0, 0],
						"0.5": [-1, 0, 0],
						"0.75": [0.5, 0, 0],
						"1.25": [1, 0, 0]
					}
				},
				"bone7": {
					"rotation": {
						"0.0": [0, 0, -12.5],
						"0.5": [0, 0, 15],
						"0.75": [3.90399, -17.07228, 1.91381],
						"1.25": [0, 0, -12.5]
					},
					"position": {
						"0.0": [1, 0, 0],
						"0.5": [-1, 0, 0],
						"0.75": [0, 0, 0.5],
						"1.25": [1, 0, 0]
					}
				},
				"bone8": {
					"rotation": {
						"0.0": [0, 0, -25],
						"0.5": [0, 0, 2.5],
						"0.75": [4.60659, -14.2906, -15.57779],
						"1.25": [0, 0, -25]
					},
					"position": {
						"0.0": [2, 0, 0],
						"0.5": [0, 0, 0],
						"0.75": [1, 0, 0.5],
						"1.25": [2, 0, 0]
					}
				},
				"bone10": {
					"rotation": {
						"0.0": [0, 0, -27.5],
						"0.5": [0, 0, 2.5],
						"0.75": [8.61775, -34.05444, -12.64371],
						"1.25": [0, 0, -27.5]
					},
					"position": {
						"0.0": [2, 0, 0],
						"0.5": [0, 0, 0],
						"0.75": [0.5, -0.5, 0.5],
						"1.25": [2, 0, 0]
					}
				},
				"bone11": {
					"rotation": {
						"0.0": [0, 0, -17.5],
						"0.5": [0, 0, 20],
						"0.75": [0, 0, -10],
						"1.25": [0, 0, -17.5]
					},
					"position": {
						"0.0": [2, 0, 0],
						"0.5": [-2, 0, 0],
						"0.75": [1, 0, 0],
						"1.25": [2, 0, 0]
					}
				},
				"bone12": {
					"rotation": {
						"0.0": [0, 0, -25],
						"0.5": [0, 0, 0],
						"0.75": [0, 0, -20],
						"1.25": [0, 0, -25]
					},
					"position": {
						"0.0": [4, 0, 0],
						"0.5": [0, 0, 0],
						"0.75": [3, 0, 0],
						"1.25": [4, 0, 0]
					}
				},
				"bone13": {
					"rotation": {
						"0.0": [0, 0, -37.5],
						"0.5": [0, 0, 27.5],
						"0.75": [0, 0, -2.5],
						"1.25": [0, 0, -37.5]
					},
					"position": {
						"0.0": [7, 2, -0.125],
						"0.0417": [6, 0.92, 0],
						"0.125": [4, -0.07, 0],
						"0.2083": [2, 0.17, 0],
						"0.25": [1, -0.71, 0],
						"0.5": [-5, 1, 0],
						"0.75": [0.5, 0, 0],
						"1.25": [7, 2, 0]
					},
					"scale": [0.75, 1, 0.75]
				}
			}
		}
	}
}