{
	"format_version": "1.8.0",
	"animations": {
	  "animation.lz_kd.first_person": {
			"loop": true,
			"bones": {
				"rightitem": {
					"rotation": [61.2, 62.9, -44],
					"position": [1, 9, 3]
				}
			}
		},
		"animation.lz_kd.third_person": {
			"loop": true,
			"bones": {
				"rightitem": {
					"rotation": [20, -5, 0],
					"position": [0, -2, 0]
				}
			}
		},
		"animation.lz_kd2.first_person": {
			"loop": true,
			"bones": {
				"rightitem": {
					"rotation": [42, 51, -71.57517],
					"position": [2, 7, 4.5]
				}
			}
		},
		"animation.lz_ld.third_person": {
			"loop": true,
			"bones": {
				"rightitem": {
					"rotation": [20, -5, 0],
					"position": [-0.6, -3, 4]
				}
			}
		},
		"animation.ld.attack": {
			"loop": true,
			"animation_length": 0.65,
			"bones": {
				"body": {
					"rotation": {
						"0.0": [0, 0, 0],
						"0.25": [20, 0, 0],
						"0.4167": [12.5, 0, 0],
						"0.65": [0, 0, 0]
					},
					"position": {
						"0.0": [0, 0, 0],
						"0.25": [0, 0, -4],
						"0.4167": [0, 0, -3],
						"0.65": [0, 0, 0]
					}
				},
				"leftArm": {
					"rotation": {
						"0.0": [0, 0, 0],
						"0.25": [-75.37229, 46.55847, 10.73052],
						"0.4167": [-60.98117, 5.26931, -21.98226],
						"0.65": [0, 0, 0]
					},
					"position": {
						"0.0": [0, 0, 0],
						"0.25": [-1, 0, -4],
						"0.4167": [-1, 0, -4],
						"0.65": [0, 0, 0]
					}
				},
				"rightArm": {
					"rotation": {
						"0.0": [0, 0, 0],
						"0.25": [-82.91541, 5.39727, 83.56269],
						"0.4167": [127.08459, 5.39727, 83.56269],
						"0.65": [0, 0, 0]
					},
					"position": {
						"0.0": [0, 0, 0],
						"0.4167": [0, -1, 3],
						"0.65": [0, 0, 0]
					}
				},
				"rightItem": {
					"rotation": {
						"0.0": [0, 0, 0],
						"0.25": [25, 0, 0],
						"0.4167": [30, 0, 0],
						"0.65": [0, 0, 0]
					}
				},
				"leftLeg": {
					"rotation": {
						"0.0": [0, 0, 0],
						"0.25": [55, 0, 0],
						"0.4167": [7.59472, 0.06522, -2.73402],
						"0.65": [0, 0, 0]
					},
					"position": {
						"0.0": [0, 0, 0],
						"0.25": [0, 0, 1],
						"0.4167": [0, 0, 0],
						"0.65": [0, 0, 0]
					}
				},
				"rightLeg": {
					"rotation": {
						"0.0": [0, 0, 0],
						"0.25": [-25, 0, 0],
						"0.4167": [-10, 0, 0],
						"0.65": [0, 0, 0]
					},
					"position": {
						"0.0": [0, 0, 0],
						"0.25": [0, -0.5, 0],
						"0.4167": [0, -0.5, -1],
						"0.65": [0, 0, 0]
					}
				}
			}
		}
	}
}