{
	"format_version": "1.8.0",
	"animations": {
		"animation.lemscj.bd": {
			"loop": true,
			"animation_length": 0.5,
			"bones": {
				"body": {
					"rotation": {
						"0.0": [10, 10, 10],
						"0.125": [-10, -10, -10],
						"0.25": [10, 10, -10],
						"0.375": [-10, 10, 10],
						"0.5": [10, 10, 10]
					}
				}
			}
		},
		"animation.lem_trident.third_person": {
			"loop": true,
			"animation_length": 0.5,
			"bones": {
				"rightitem": {
					"rotation": [-85, 0, -90],
					"position": [0, -17, 8]
				},
				"lightning": {
					"rotation": {
						"0.0": [0, 0, 0],
						"0.265": [0, 0, 0],
						"0.3": [0, 180, 0],
						"0.33": [0, 0, 0]
					},
					"position": {
						"0.0": [0, 0, 0],
						"0.25": [0, 0, 0],
						"0.265": [0, -12, 0],
						"0.3": [0, -12, 0],
						"0.315": [0, -6, 0],
						"0.33": [0, 0, 0]
					},
					"scale": {
						"0.0": [0, 0, 0],
						"0.25": [0, 0, 0],
						"0.265": [1, 1, 1],
						"0.3": [1, 1, 1],
						"0.315": [1, 1, 1],
						"0.33": [0, 0, 0]
					}
				}
			}
		},
		"animation.lem_trident.first_person": {
			"loop": true,
			"animation_length": 0.5,
			"bones": {
				"rightitem": {
					"rotation": [-150.1145, -1.50125, -183.74325],
					"position": [-2, -11, 1]
				},
				"lightning": {
					"rotation": {
						"0.0": [0, 0, 0],
						"0.265": [0, 0, 0],
						"0.3": [0, 180, 0],
						"0.33": [0, 0, 0]
					},
					"position": {
						"0.0": [0, 0, 0],
						"0.25": [0, 0, 0],
						"0.265": [0, -12, 0],
						"0.3": [0, -12, 0],
						"0.315": [0, -6, 0],
						"0.33": [0, 0, 0]
					},
					"scale": {
						"0.0": [0, 0, 0],
						"0.25": [0, 0, 0],
						"0.265": [1, 1, 1],
						"0.3": [1, 1, 1],
						"0.315": [1, 1, 1],
						"0.33": [0, 0, 0]
					}
				}
			}
		}
	}
}