{
	"format_version": "1.8.0",
	"animations": {
		"animation.player.parry": {
			"loop": "hold_on_last_frame",
			"animation_length": 1.0,
			"bones": {
				"rightArm": {
					"relative_to": {
						"rotation": "entity"
					},
					"rotation": {
						"0.0": [-74.02224, -10.63872, 85.66267],
						"1.0": [-74.02224, -10.63872, 85.66267]
					},
					"position": {
						"0.0": [-1, -1, -1],
						"1.0": [-1, -1, -1]
					}
				},
				"leftArm": {
					"relative_to": {
						"rotation": "entity"
					},
					"rotation": {
						"0.0": [-42.39121, 3.37562, 13.69066],
						"1.0": [-42.39121, 3.37562, 13.69066]
					}
				},
				"rightLeg": {
					"rotation": {
						"0.0": [17.25686, 1.1317, 2.07374],
						"1.0": [17.25686, 1.1317, 2.07374]
					}
				},
				"leftLeg": {
					"rotation": {
						"0.0": [-13.86179, -4.39654, 0.27472],
						"1.0": [-13.86179, -4.39654, 0.27472]
					}
				},
				"leftArm2": {
					"rotation": [-7.5, 0, 0],
					"position": [0, 0, -0.2]
				}
			}
		}
	}
}