{
	"format_version": "1.8.0",
	"animations": {
		"animation.steve2.attack": {
			"loop": true,
			"animation_length": 0.75,
			"bones": {
				"leftLeg": {
					"rotation": {
						"0.0": [-15, 0, -2],
						"0.75": [-2, 0, -2]
					}
				},
				"leftLeg2": {
					"rotation": [5, 0, 0],
					"position": [0, 0, 0.18]
				},
				"rightLeg": {
					"rotation": {
						"0.0": [5, 0, 2],
						"0.75": [-2, 0, 2]
					}
				},
				"rightLeg2": {
					"rotation": [5, 0, 0],
					"position": [0, 0, 0.18]
				},
				"waist": {
					"rotation": {
						"0.0": [10, 0, 0],
						"0.3333": [0, 0, 0],
						"0.5": [0, -120, 0],
						"0.75": [0, 0, 0]
					}
				},
				"leftArm": {
					"rotation": {
						"0.0": [0, 0, 0],
						"0.25": [-27, -2, -15],
						"0.3333": [-41.58235, 23.35677, 46.59491],
						"0.5": [-41.11879, -24.28092, -2.70454],
						"0.75": [0, 0, 0]
					},
					"position": {
						"0.0": [0, 0, 0],
						"0.3333": [-1, 0, -1],
						"0.75": [0, 0, 0]
					}
				},
				"rightArm": {
					"rotation": {
						"0.0": [0, 0, 0],
						"0.25": [-160, 25, -75],
						"0.3333": [-79.99539, 17.69191, -75.12569],
						"0.5": [-34.99539, 17.69191, -75.12569],
						"0.75": [0, 0, 0]
					},
					"position": {
						"0.0": [0, 0, 0],
						"0.5": [0, 0, -3],
						"0.75": [0, 0, 0]
					}
				},
				"rightItem": {
					"rotation": {
						"0.0": [0, 0, 0],
						"0.5": [170, 0, 0],
						"0.75": [0, 0, 0]
					},
					"position": {
						"0.0": [0, 0, 0],
						"0.5": [0, -3, -1],
						"0.75": [0, 0, 0]
					}
				}
			}
		},
		"animation.steve2.attack2": {
			"loop": true,
			"animation_length": 0.9167,
			"bones": {
				"waist": {
					"rotation": {
						"0.0": [0, 0, 0],
						"0.25": [10, -45, 0],
						"0.625": [-2, 120, 0],
						"0.9167": [0, 0, 0]
					}
				},
				"leftLeg": {
					"rotation": {
						"0.0": [-5, 0, -2],
						"0.25": [-15, 0, -2],
						"0.625": [-15, 0, -2],
						"0.9167": [-5, 0, -2]
					}
				},
				"leftLeg2": {
					"rotation": {
						"0.0": [5, 0, 0],
						"0.625": [10, 0, 0]
					},
					"position": {
						"0.0": [0, 0, 0.18],
						"0.625": [0, 0, 0.35]
					}
				},
				"rightLeg": {
					"rotation": {
						"0.0": [-5, 0, 2],
						"0.25": [-5, 0, 2],
						"0.625": [20, 0, 2],
						"0.9167": [-5, 0, 2]
					}
				},
				"rightLeg2": {
					"rotation": [5, 0, 0],
					"position": [0, 0, 0.18]
				},
				"leftArm": {
					"rotation": {
						"0.0": [0, 0, 0],
						"0.25": [-39.38143, 24.30781, 31.61339],
						"0.625": [-39.38143, 24.30781, 31.61339],
						"0.9167": [0, 0, 0]
					}
				},
				"rightArm": {
					"rotation": {
						"0.0": [0, 0, 0],
						"0.25": [-45.57784, -15.87076, -11.96024],
						"0.625": [-45.57784, -15.87076, -11.96024],
						"0.9167": [0, 0, 0]
					}
				},
				"rightItem": {
					"rotation": {
						"0.0": [0, 0, 0],
						"0.125": [0, -35, 0],
						"0.3333": [-104.13612, 2.64525, 118.24065],
						"0.625": [83.36388, 2.64525, 118.24065],
						"0.9167": [0, 0, 0]
					},
					"position": {
						"0.0": [0, 0, 0],
						"0.125": [0, 0, 0],
						"0.3333": [3, -2, -1],
						"0.625": [4, 0, -2],
						"0.9167": [0, 0, 0]
					}
				},
				"rightArm2": {
					"rotation": [0, 0, 0]
				}
			}
		},
		"animation.steve2.attack3": {
			"loop": true,
			"animation_length": 0.91667,
			"bones": {
				"waist": {
					"position": {
						"0.0": [0, 0, 0],
						"0.125": [0, 0, 0],
						"0.2917": [0, 40, -15],
						"0.625": [0, 20, -15],
						"0.8333": [0, 0, -15],
						"0.9167": [0, 0, 0]
					}
				},
				"body": {
					"rotation": {
						"0.0": [0, 0, 0],
						"0.125": [12.5, 0, 0]
					},
					"position": [0, 0, 0]
				},
				"leftLeg": {
					"rotation": {
						"0.0": [-5, 0, -2],
						"0.125": [-5, 0, -2],
						"0.2917": [-5, 0, -2],
						"0.4167": [-47.5, 0, -2],
						"0.8333": [-22.5, 0, -2]
					}
				},
				"leftLeg2": {
					"rotation": {
						"0.0": [5, 0, 0],
						"0.2083": [17.5, 0, 0],
						"0.2917": [5, 0, 0]
					},
					"position": {
						"0.0": [0, 0, 0.18],
						"0.2083": [0, -1, 0.7],
						"0.2917": [0, 0, 0.18]
					}
				},
				"rightLeg": {
					"rotation": {
						"0.0": [-5, 0, 2],
						"0.125": [-30, 0, 2],
						"0.2917": [-5, 0, 2],
						"0.4167": [22.5, 0, 2],
						"0.8333": [7.5, 0, 2]
					}
				},
				"rightLeg2": {
					"rotation": {
						"0.0": [5, 0, 0],
						"0.2083": [17.5, 0, 0],
						"0.2917": [5, 0, 0]
					},
					"position": {
						"0.0": [0, 0, 0.18],
						"0.2083": [0, -1, 0.7],
						"0.2917": [0, 0, 0.18]
					}
				},
				"leftArm": {
					"rotation": {
						"0.0": [0, 0, 0],
						"0.125": [27.5, 0, 0],
						"0.4167": [23.09454, 15.35793, -31.84407],
						"0.625": [44.64233, 4.59902, -8.88927]
					}
				},
				"rightArm": {
					"rotation": {
						"0.0": [0, 0, 0],
						"0.125": [-30, 0, 12.5],
						"0.4167": [-207.62113, -12.19908, -9.49054],
						"0.625": [71.98063, -16.9595, -7.90993],
						"0.8333": [34.48063, -16.9595, -7.90993]
					}
				},
				"rightitem": {
					"rotation": {
						"0.0": [0, 0, 0],
						"0.625": [0, 7.5, 0]
					},
					"position": {
						"0.0": [0, 0, 0],
						"0.625": [1, 0, 0]
					}
				},
				"head": {
					"rotation": {
						"0.0": [0, 0, 0],
						"0.125": [-20, 0, 0],
						"0.2917": [10, 0, 0]
					}
				}
			}
		},
		"animation.steve2.default": {
			"loop": true,
			"animation_length": 2.5,
			"bones": {
				"leftLeg": {
					"rotation": [-5, 0, -5]
				},
				"leftLeg2": {
					"rotation": [5, 0, 0],
					"position": [0, 0, 0.2]
				},
				"rightLeg": {
					"rotation": [-5, 0, 5]
				},
				"rightLeg2": {
					"rotation": [5, 0, 0],
					"position": [0, 0, 0.2]
				},
				"leftArm": {
					"rotation": {
						"0.0": [0, 0, -2],
						"1.25": [0, 0, -10],
						"2.5": [0, 0, -2]
					}
				},
				"rightArm": {
					"rotation": {
						"0.0": [0, 0, 2],
						"1.25": [0, 0, 10],
						"2.5": [0, 0, 2]
					}
				},
				"righteye": {
					"position": {
						"0.0": [0, 0, 0],
						"1.25": [-0.2, -0.1, 0],
						"2.5": [0, 0, 0]
					}
				},
				"lefteye": {
					"position": {
						"0.0": [0, 0, 0],
						"1.25": [0.2, -0.1, 0],
						"2.5": [0, 0, 0]
					}
				}
			}
		}
	}
}