{
	"format_version": "1.8.0",
	"animations": {
		"animation.zszr.attack1": {
			"loop": true,
			"animation_length": 0.75,
			"bones": {
				"waist": {
					"rotation": {
						"0.0": [0, 0, 0],
						"0.25": [0, 45, 0],
						"0.5": [0, -315, 0]
					}
				},
				"head": {
					"rotation": {
						"0.0": [0, 0, 0],
						"0.25": [0, 45, 0],
						"0.5": [0, -315, 0]
					}
				},
				"rightArm": {
					"rotation": [-54, -32, -21]
				},
				"leftArm": {
					"rotation": [-52, 36, 25]
				},
				"rightLeg": {
					"rotation": {
						"0.0": [5, -2.5, 0],
						"0.25": [20, 45, 0],
						"0.5": [5, -315, 0]
					}
				},
				"leftLeg": {
					"rotation": {
						"0.0": [-5, 0, 0],
						"0.25": [-30, 45, 0],
						"0.5": [-10, -315, 0]
					}
				},
				"rightitem": {
					"rotation": {
						"0.0": [-23.57718, 64.07741, -10.25522],
						"0.25": [-11.17589, 25.5582, 6.30315],
						"0.5": [78.92282, 64.07741, -10.25522]
					},
					"position": {
						"0.0": [0, 0, 0],
						"0.25": [0, 0, 1]
					}
				}
			}
		}
	}
}